pair,method,signal,period,cost,sharpe,ann_return,ann_vol,total_return,max_drawdown,n_trades,hit_rate,avg_turnover,exposure
EWA-EWC,rolling_ols,threshold_z,book_era_2013_2022,no_cost,0.5532800865854534,0.03126841977650141,0.05877227933164192,0.3598936233251959,-0.09986051072393078,57,0.5005841121495327,0.047044037344293174,0.6804451510333863
EWA-EWC,rolling_ols,threshold_z,book_era_2013_2022,tc_5bps,0.45163577399476973,0.025167992385012772,0.05887483813973134,0.2816783041146489,-0.10181235947452989,57,0.5005841121495327,0.047044037344293174,0.6804451510333863
EWA-EWC,rolling_ols,threshold_z,book_era_2013_2022,tc_10bps,0.35007520388300944,0.01910076018618878,0.05902284468447681,0.207927378339688,-0.10961630583597673,57,0.5005841121495327,0.047044037344293174,0.6804451510333863
EWA-EWC,rolling_ols,threshold_z,oos_2023_2025,no_cost,0.389530209996316,0.018957085322666156,0.05162921038925082,0.0460399053482472,-0.07033916578828298,12,0.4883227176220807,0.04173118630322963,0.7798013245033113
EWA-EWC,rolling_ols,threshold_z,oos_2023_2025,tc_5bps,0.2874831824680476,0.013611767177154288,0.05166565766786291,0.032935740672633385,-0.0723494865936687,12,0.4883227176220807,0.04173118630322963,0.7798013245033113
EWA-EWC,rolling_ols,threshold_z,oos_2023_2025,tc_10bps,0.1854138550333693,0.0082919621409836,0.0517484425030059,0.019989608304710194,-0.07435638967306943,12,0.4883227176220807,0.04173118630322963,0.7798013245033113
EWA-EWC,rolling_ols,threshold_z,full_2013_2025,no_cost,0.5181966041695504,0.028556471129579597,0.05753045776632162,0.4170854206880754,-0.09986051072393078,68,0.4981684981684982,0.04569663972324269,0.7
EWA-EWC,rolling_ols,threshold_z,full_2013_2025,tc_5bps,0.41745878447948614,0.022646476726643883,0.057620805071071736,0.3195057275936597,-0.10181235947452989,68,0.4981684981684982,0.04569663972324269,0.7
EWA-EWC,rolling_ols,threshold_z,full_2013_2025,tc_10bps,0.31678840966828437,0.01676764120821761,0.05775632593291248,0.22860343527860838,-0.10961630583597673,68,0.4981684981684982,0.04569663972324269,0.7
EWA-EWC,rolling_ols,proportional,book_era_2013_2022,no_cost,0.5153319647217652,0.020986958141507195,0.04201742353629722,0.23043525921260577,-0.09372287282548429,1,0.5167364016736402,0.11718012457580004,0.9499205087440381
EWA-EWC,rolling_ols,proportional,book_era_2013_2022,tc_5bps,0.16334959438143165,0.0060173552223961035,0.042168612374214605,0.061728250108759264,-0.11619929393936645,1,0.4786610878661088,0.11718012457580004,0.9499205087440381
EWA-EWC,rolling_ols,proportional,book_era_2013_2022,tc_10bps,-0.18600420517477262,-0.008734737476541188,0.04234565536942657,-0.08386526391160509,-0.1590805952811698,1,0.4497907949790795,0.11718012457580004,0.9499205087440381
EWA-EWC,rolling_ols,proportional,oos_2023_2025,no_cost,0.4784812914844793,0.01708929684678373,0.03682998742821556,0.041450036926266254,-0.04191751608816368,1,0.5091210613598673,0.12084633005266228,0.9983443708609272
EWA-EWC,rolling_ols,proportional,oos_2023_2025,tc_5bps,0.06496126651769588,0.001718418525163079,0.03688078283882647,0.004123693466704159,-0.04613075303194755,1,0.46766169154228854,0.12084633005266228,0.9983443708609272
EWA-EWC,rolling_ols,proportional,oos_2023_2025,tc_10bps,-0.34721634018706815,-0.013421869512450502,0.03695337384279893,-0.03186885362728331,-0.06244268343711603,1,0.4461028192371476,0.12084633005266228,0.9983443708609272
EWA-EWC,rolling_ols,proportional,full_2013_2025,no_cost,0.5025451325246602,0.020015558074530926,0.041117994685074606,0.2780867472185202,-0.09372287282548429,1,0.5153640614562458,0.11775516652023077,0.9596153846153846
EWA-EWC,rolling_ols,proportional,full_2013_2025,tc_5bps,0.14124217710212938,0.004988206490398106,0.04125182170193391,0.06354240152353263,-0.12865921484774692,1,0.47661990647962593,0.11775516652023077,0.9596153846153846
EWA-EWC,rolling_ols,proportional,full_2013_2025,tc_10bps,-0.21759269453170907,-0.009819668542815685,0.0414106452164274,-0.11500891505133137,-0.19802029496822193,1,0.44923179692718773,0.11775516652023077,0.9596153846153846
EWA-EWC,kalman_basic,threshold_z,book_era_2013_2022,no_cost,0.4167817095433482,0.026217491540204918,0.06756858060050537,0.29510483940956855,-0.11338647213831952,61,0.49783783783783786,0.05027024792818555,0.7347100873709294
EWA-EWC,kalman_basic,threshold_z,book_era_2013_2022,tc_5bps,0.32268168232138145,0.01973331817450341,0.06764343466328344,0.21562252884771094,-0.11441375556095927,61,0.49783783783783786,0.05027024792818555,0.7347100873709294
EWA-EWC,kalman_basic,threshold_z,book_era_2013_2022,tc_10bps,0.22864690026427567,0.013287040314762466,0.06776057772174435,0.14098355707334398,-0.11544029129375863,61,0.49783783783783786,0.05027024792818555,0.7347100873709294
EWA-EWC,kalman_basic,threshold_z,oos_2023_2025,no_cost,0.33957856021677846,0.014688703364803768,0.04606226741714236,0.03556813060626007,-0.04659760316025664,19,0.48166259168704156,0.06284422051852884,0.6771523178807947
EWA-EWC,kalman_basic,threshold_z,oos_2023_2025,tc_5bps,0.16715239272153162,0.0066794161187406775,0.04620566022866102,0.016084143755945135,-0.04862374406744541,19,0.48166259168704156,0.06284422051852884,0.6771523178807947
EWA-EWC,kalman_basic,threshold_z,oos_2023_2025,tc_10bps,-0.0041998596120173,-0.001270514220589547,0.04642658061186499,-0.0030424990667607954,-0.05064653127654602,19,0.48166259168704156,0.06284422051852884,0.6771523178807947
EWA-EWC,kalman_basic,threshold_z,full_2013_2025,no_cost,0.400935989518223,0.023890718295284774,0.06399160298214929,0.33977165828384615,-0.11338647213831952,79,0.49513274336283186,0.05238439425193488,0.7238949391415759
EWA-EWC,kalman_basic,threshold_z,full_2013_2025,tc_5bps,0.297401867293831,0.017149920232630178,0.06407526341431541,0.23450133814875906,-0.11441375556095927,79,0.49513274336283186,0.05238439425193488,0.7238949391415759
EWA-EWC,kalman_basic,threshold_z,full_2013_2025,tc_10bps,0.1939968882821455,0.010450291518674826,0.0642055108270727,0.13745770675290614,-0.12638080812383692,79,0.49513274336283186,0.05238439425193488,0.7238949391415759
EWA-EWC,kalman_basic,proportional,book_era_2013_2022,no_cost,0.3564983768345213,0.01685626186408329,0.05046566529610183,0.1817838704984016,-0.09488257475355728,1,0.4990067540723083,0.12194711611636277,0.9996028594122319
EWA-EWC,kalman_basic,proportional,book_era_2013_2022,tc_5bps,0.05195870631110455,0.0013483692169993233,0.050532265325314296,0.013554962369804358,-0.11729794134649808,1,0.46801748112832736,0.12194711611636277,0.9996028594122319
EWA-EWC,kalman_basic,proportional,book_era_2013_2022,tc_10bps,-0.2516857436730194,-0.013924883974980373,0.05061766833301408,-0.13074273936967973,-0.15771610851783394,1,0.44259038537941997,0.12194711611636277,0.9996028594122319
EWA-EWC,kalman_basic,proportional,oos_2023_2025,no_cost,0.5735542766097493,0.017855125647687764,0.031732378398617735,0.04333054757464905,-0.024172190459174788,1,0.5024875621890548,0.14336895901910285,0.9983443708609272
EWA-EWC,kalman_basic,proportional,oos_2023_2025,tc_5bps,0.004267840506893196,-0.0003686372345359512,0.03180824140447809,-0.0008833316151041215,-0.028546161830452905,1,0.4527363184079602,0.14336895901910285,0.9983443708609272
EWA-EWC,kalman_basic,proportional,oos_2023_2025,tc_10bps,-0.5616744120909921,-0.018268525757939025,0.0319201586352191,-0.04322915002220329,-0.06523998110753541,1,0.4295190713101161,0.14336895901910285,0.9983443708609272
EWA-EWC,kalman_basic,proportional,full_2013_2025,no_cost,0.3790107885911612,0.016993460093431167,0.047431435165980064,0.2321508271390682,-0.09583138959664905,1,0.49983979493752,0.12598694956538242,0.9996796925048046
EWA-EWC,kalman_basic,proportional,full_2013_2025,tc_5bps,0.04426790555444209,0.0009740371441633311,0.047498745980753945,0.012134396382387669,-0.13441371149180423,1,0.46523550144184556,0.12598694956538242,0.9996796925048046
EWA-EWC,kalman_basic,proportional,full_2013_2025,tc_10bps,-0.2894007781875629,-0.014795020404541281,0.04758689914538584,-0.16861584137451058,-0.20661775781971986,1,0.44024351169496956,0.12598694956538242,0.9996796925048046
EWA-EWC,kalman_basic,kalman_z,book_era_2013_2022,no_cost,0.5882338081030787,0.036967045104039586,0.06533842099025775,0.4372238922652609,-0.07382169607712755,42,0.5050632911392405,0.03493478404906031,0.6274821286735505
EWA-EWC,kalman_basic,kalman_z,book_era_2013_2022,tc_5bps,0.5204683478389004,0.032409788263860095,0.06538819420176126,0.3753435558460798,-0.07785135159920224,42,0.5050632911392405,0.03493478404906031,0.6274821286735505
EWA-EWC,kalman_basic,kalman_z,book_era_2013_2022,tc_10bps,0.4525947506511636,0.02787042012910046,0.06546850702874381,0.3161001328100046,-0.08186531778475231,42,0.5050632911392405,0.03493478404906031,0.6274821286735505
EWA-EWC,kalman_basic,kalman_z,oos_2023_2025,no_cost,0.8360594295767774,0.03853748898289644,0.046523683153855286,0.09486631394625067,-0.06505014596207372,15,0.4961038961038961,0.04958447456134638,0.6374172185430463
EWA-EWC,kalman_basic,kalman_z,oos_2023_2025,tc_5bps,0.7003312642938538,0.03206559054461988,0.046619252729796855,0.07858407005335044,-0.06518106842430424,15,0.4961038961038961,0.04958447456134638,0.6374172185430463
EWA-EWC,kalman_basic,kalman_z,oos_2023_2025,tc_10bps,0.5644176681077736,0.02563091502231729,0.04677613388410523,0.06253624853128836,-0.06558125133875796,15,0.4961038961038961,0.04958447456134638,0.6374172185430463
EWA-EWC,kalman_basic,kalman_z,full_2013_2025,no_cost,0.6184056185905794,0.03718339380085012,0.0621614764807749,0.5719282021659926,-0.07382169607712755,56,0.503560528992879,0.03745051064982869,0.629724535554132
EWA-EWC,kalman_basic,kalman_z,full_2013_2025,tc_5bps,0.5420081101599318,0.03229774553937492,0.062217227642162816,0.48261486249006746,-0.07785135159920224,56,0.503560528992879,0.03745051064982869,0.629724535554132
EWA-EWC,kalman_basic,kalman_z,full_2013_2025,tc_10bps,0.46548940133852645,0.02743280460793418,0.06230749303515889,0.39833721003929545,-0.08186531778475231,56,0.503560528992879,0.03745051064982869,0.629724535554132
EWA-EWC,kalman_momentum,threshold_z,book_era_2013_2022,no_cost,-0.0354644187093546,-0.00395948916293043,0.06038733997861258,-0.03886653669073714,-0.23279080395594481,113,0.4695164681149264,0.09109960592619312,0.5667196187450357
EWA-EWC,kalman_momentum,threshold_z,book_era_2013_2022,tc_5bps,-0.22499948345900075,-0.015336664978410797,0.06053414899918142,-0.14309842758154412,-0.25749240964609776,113,0.4695164681149264,0.09109960592619312,0.5667196187450357
EWA-EWC,kalman_momentum,threshold_z,book_era_2013_2022,tc_10bps,-0.41304711556028495,-0.026589379148725056,0.060764744886550676,-0.2360697749552424,-0.2821034369455105,113,0.4695164681149264,0.09109960592619312,0.5667196187450357
EWA-EWC,kalman_momentum,threshold_z,oos_2023_2025,no_cost,0.40056710670795287,0.016338662812500626,0.04273332647179749,0.03960875574307576,-0.046116178695022124,36,0.46153846153846156,0.11890492569525662,0.5596026490066225
EWA-EWC,kalman_momentum,threshold_z,oos_2023_2025,tc_5bps,0.049651841690732765,0.0012139314429453485,0.04301037452978373,0.002912048924995192,-0.0526683054550471,36,0.46153846153846156,0.11890492569525662,0.5596026490066225
EWA-EWC,kalman_momentum,threshold_z,oos_2023_2025,tc_10bps,-0.2957553666183405,-0.01369303980560721,0.04343615629794542,-0.0325065263533002,-0.06716327182605311,36,0.46153846153846156,0.11890492569525662,0.5596026490066225
EWA-EWC,kalman_momentum,threshold_z,full_2013_2025,no_cost,0.02846179458033172,-1.5836766078969333e-05,0.057413163846484636,-0.00019618224266160222,-0.2492411476197049,148,0.4682899207248018,0.09616061303348132,0.5656630365150545
EWA-EWC,kalman_momentum,threshold_z,full_2013_2025,tc_5bps,-0.18205514618503052,-0.012068588102273958,0.05757681552137842,-0.13965856265509924,-0.2775628152331574,148,0.4682899207248018,0.09616061303348132,0.5656630365150545
EWA-EWC,kalman_momentum,threshold_z,full_2013_2025,tc_10bps,-0.39075270517029,-0.023981892170882757,0.057832978530457914,-0.25972209711429994,-0.31830371834180793,148,0.4682899207248018,0.09616061303348132,0.5656630365150545
EWA-EWC,kalman_momentum,proportional,book_era_2013_2022,no_cost,-0.25947167649975683,-0.012726217049091715,0.04537287683451768,-0.12012659529289671,-0.2020420616447293,1,0.5021851410409217,0.17573671162462098,0.9996028594122319
EWA-EWC,kalman_momentum,proportional,book_era_2013_2022,tc_5bps,-0.743371857061017,-0.03436056461248971,0.04562427506828211,-0.29486795738570926,-0.29685432915915416,1,0.4453714739769567,0.17573671162462098,0.9996028594122319
EWA-EWC,kalman_momentum,proportional,book_era_2013_2022,tc_10bps,-1.2208998624844039,-0.055524493426307386,0.04591582772005587,-0.4349278593904373,-0.4359147369123241,1,0.4139849026618991,0.17573671162462098,0.9996028594122319
EWA-EWC,kalman_momentum,proportional,oos_2023_2025,no_cost,0.8037975208811262,0.02435109148506953,0.0305101076808956,0.05936112556452078,-0.025587885557977492,1,0.5174129353233831,0.21447059585474856,0.9983443708609272
EWA-EWC,kalman_momentum,proportional,oos_2023_2025,tc_5bps,-0.08181199395210902,-0.0029597034296083846,0.03054987467291529,-0.007079234344944618,-0.04881102640260771,1,0.43781094527363185,0.21447059585474856,0.9983443708609272
EWA-EWC,kalman_momentum,proportional,oos_2023_2025,tc_10bps,-0.9626708619379685,-0.02954747461538687,0.03066742996691937,-0.06936440742569683,-0.08852560602514756,1,0.38308457711442784,0.21447059585474856,0.9983443708609272
EWA-EWC,kalman_momentum,proportional,full_2013_2025,no_cost,-0.11011972356690346,-0.005636082079257143,0.0429233863922429,-0.0676269780837313,-0.21689708290811677,1,0.5052867670618392,0.18299885901072255,0.9996796925048046
EWA-EWC,kalman_momentum,proportional,full_2013_2025,tc_5bps,-0.6440524746707678,-0.028312676817047078,0.043140223463349586,-0.29940400336716155,-0.3232796431643469,1,0.44408843319448893,0.18299885901072255,0.9996796925048046
EWA-EWC,kalman_momentum,proportional,full_2013_2025,tc_10bps,-1.1714288275363518,-0.05047604829951491,0.043402059706605205,-0.4735908917095236,-0.4843523354789558,1,0.40820249919897467,0.18299885901072255,0.9996796925048046
EWA-EWC,kalman_momentum,kalman_z,book_era_2013_2022,no_cost,-0.11149666828965031,-0.007358250853450432,0.05341809518390026,-0.07113878993992984,-0.14617234796815634,63,0.4826086956521739,0.051274348230256506,0.3653693407466243
EWA-EWC,kalman_momentum,kalman_z,book_era_2013_2022,tc_5bps,-0.23169451106977063,-0.013760248079872195,0.05358999425177408,-0.12929148322238315,-0.16603255045442447,63,0.4826086956521739,0.051274348230256506,0.3653693407466243
EWA-EWC,kalman_momentum,kalman_z,book_era_2013_2022,tc_10bps,-0.3507647927416554,-0.020124057082083424,0.053816904615373536,-0.18382925388252824,-0.19058509564255366,63,0.4826086956521739,0.051274348230256506,0.3653693407466243
EWA-EWC,kalman_momentum,kalman_z,oos_2023_2025,no_cost,0.4332811070882599,0.014036583369525957,0.033459213824501455,0.033973666294348615,-0.03676666307644533,18,0.4623115577889447,0.05876663931770507,0.3294701986754967
EWA-EWC,kalman_momentum,kalman_z,oos_2023_2025,tc_5bps,0.21096373356799966,0.006550614354720707,0.033620227203012554,0.015772572141367736,-0.0408244052572095,18,0.4623115577889447,0.05876663931770507,0.3294701986754967
EWA-EWC,kalman_momentum,kalman_z,oos_2023_2025,tc_10bps,-0.009206857432746617,-0.0008837454980289428,0.03388212559579344,-0.0021168764234941184,-0.047346993435422105,18,0.4623115577889447,0.05876663931770507,0.3294701986754967
EWA-EWC,kalman_momentum,kalman_z,full_2013_2025,no_cost,-0.039837249128436274,-0.003254600470536939,0.05017789644397832,-0.03958196915558487,-0.15171559748208177,81,0.47899910634495085,0.052723849773119724,0.3584240871236387
EWA-EWC,kalman_momentum,kalman_z,full_2013_2025,tc_5bps,-0.1716552443202391,-0.009863027419754311,0.050345997100269047,-0.11555817032740445,-0.17397059531787035,81,0.47899910634495085,0.052723849773119724,0.3584240871236387
EWA-EWC,kalman_momentum,kalman_z,full_2013_2025,tc_10bps,-0.3022352299407166,-0.016430847171707508,0.05057438044930777,-0.18555698649253116,-0.20805796172076788,81,0.47899910634495085,0.052723849773119724,0.3584240871236387
KO-PEP,rolling_ols,threshold_z,book_era_2013_2022,no_cost,0.42860521043575106,0.025619995823835007,0.0637596276880651,0.28733152743990886,-0.14289717252142858,40,0.47780126849894294,0.03400399904201928,0.7519872813990461
KO-PEP,rolling_ols,threshold_z,book_era_2013_2022,tc_5bps,0.3617071589551594,0.02123891272827505,0.06370679759233216,0.23347021533382728,-0.14893925675861883,40,0.4772727272727273,0.03400399904201928,0.7519872813990461
KO-PEP,rolling_ols,threshold_z,book_era_2013_2022,tc_10bps,0.2945578453974638,0.016874508620347672,0.06368426839437,0.1818388147226655,-0.1551154062618853,40,0.4772727272727273,0.03400399904201928,0.7519872813990461
KO-PEP,rolling_ols,threshold_z,oos_2023_2025,no_cost,0.621052797052608,0.05215978936289267,0.08807404738741466,0.12960337153328694,-0.13987785453874127,10,0.4840764331210191,0.035116220749353076,0.7798013245033113
KO-PEP,rolling_ols,threshold_z,oos_2023_2025,tc_5bps,0.571123111777145,0.04751985817927262,0.08802653688246546,0.11770045643072025,-0.14103020557444276,10,0.4840764331210191,0.035116220749353076,0.7798013245033113
KO-PEP,rolling_ols,threshold_z,oos_2023_2025,tc_10bps,0.5210111495026177,0.04289832327366305,0.08800069997087549,0.10591771577600206,-0.14218144300561866,10,0.4840764331210191,0.035116220749353076,0.7798013245033113
KO-PEP,rolling_ols,threshold_z,full_2013_2025,no_cost,0.4719960643719882,0.030705041597978155,0.06912438773532988,0.4541740336772184,-0.18245245358475143,50,0.4790520524756665,0.03421931375715698,0.7573717948717948
KO-PEP,rolling_ols,threshold_z,full_2013_2025,tc_5bps,0.40992368808195956,0.026274646388856127,0.06907335743948526,0.3786502226723152,-0.19352722755046334,50,0.4786288616165891,0.03421931375715698,0.7573717948717948
KO-PEP,rolling_ols,threshold_z,full_2013_2025,tc_10bps,0.34761913760460006,0.02186125362149971,0.069050202649366,0.3070164823935091,-0.2046206734198981,50,0.4786288616165891,0.03421931375715698,0.7573717948717948
KO-PEP,rolling_ols,proportional,book_era_2013_2022,no_cost,0.3454356591913644,0.015384983176814915,0.04745828727371129,0.1646679173823613,-0.11590574259633236,1,0.4924686192468619,0.08553987545022411,0.9499205087440381
KO-PEP,rolling_ols,proportional,book_era_2013_2022,tc_5bps,0.11844311740493131,0.004502443827174574,0.047413142821632184,0.045873137196554614,-0.13662731920262539,1,0.4661087866108787,0.08553987545022411,0.9499205087440381
KO-PEP,rolling_ols,proportional,book_era_2013_2022,tc_10bps,-0.10894610327382254,-0.006264654787103141,0.04738364851833363,-0.06081598422478118,-0.15726788715324366,1,0.44602510460251044,0.08553987545022411,0.9499205087440381
KO-PEP,rolling_ols,proportional,oos_2023_2025,no_cost,0.17494515696441565,0.008892277025196904,0.06127282787162473,0.021445756298233976,-0.11050334850457497,1,0.49087893864013266,0.09148555947114638,0.9983443708609272
KO-PEP,rolling_ols,proportional,oos_2023_2025,tc_5bps,-0.013198538306250588,-0.002666415252607357,0.061203444272830684,-0.006379034429707886,-0.11673612449355568,1,0.47761194029850745,0.09148555947114638,0.9983443708609272
KO-PEP,rolling_ols,proportional,oos_2023_2025,tc_10bps,-0.20173615571759265,-0.01409380810840255,0.061144104056098984,-0.03344850802171817,-0.1248258338198061,1,0.4560530679933665,0.09148555947114638,0.9983443708609272
KO-PEP,rolling_ols,proportional,full_2013_2025,no_cost,0.3042175753545741,0.014168368980631119,0.05041874064429943,0.19027791694356533,-0.16594454913491638,1,0.4923179692718771,0.08661396267095878,0.9596153846153846
KO-PEP,rolling_ols,proportional,full_2013_2025,tc_5bps,0.08785114368093987,0.0031634282779884337,0.05036824279453425,0.039879078157881054,-0.2011795316557582,1,0.46860387441549767,0.08661396267095878,0.9596153846153846
KO-PEP,rolling_ols,proportional,full_2013_2025,tc_10bps,-0.12891313298299326,-0.007723274908021827,0.050331967051779766,-0.09152932190898855,-0.23529460565358945,1,0.4482297929191717,0.08661396267095878,0.9596153846153846
KO-PEP,kalman_basic,threshold_z,book_era_2013_2022,no_cost,0.433340009091769,0.03444970404741565,0.08685039179321839,0.4027395946139085,-0.15196337122112757,45,0.4760914760914761,0.03696474938637006,0.7640984908657665
KO-PEP,kalman_basic,threshold_z,book_era_2013_2022,tc_5bps,0.3796362726688079,0.029641783348341555,0.08686786147904337,0.3389393262317295,-0.1594339904728643,45,0.4760914760914761,0.03696474938637006,0.7640984908657665
KO-PEP,kalman_basic,threshold_z,book_era_2013_2022,tc_10bps,0.32586169165004913,0.024853923677371714,0.08690997883343075,0.2780123858705821,-0.16684214738503522,45,0.4760914760914761,0.03696474938637006,0.7640984908657665
KO-PEP,kalman_basic,threshold_z,oos_2023_2025,no_cost,-0.33454055057206716,-0.021770737048458222,0.060359014647097455,-0.051389543070242016,-0.11422012445869346,11,0.4682203389830508,0.037020690146245795,0.7814569536423841
KO-PEP,kalman_basic,threshold_z,oos_2023_2025,tc_5bps,-0.4119067594490361,-0.026322880472285926,0.06034653323898636,-0.0619355170529986,-0.11998543575250896,11,0.4682203389830508,0.037020690146245795,0.7814569536423841
KO-PEP,kalman_basic,threshold_z,oos_2023_2025,tc_10bps,-0.48902184875285876,-0.030855965216162518,0.06036898348032923,-0.07236912237736615,-0.12571585233109148,11,0.4682203389830508,0.037020690146245795,0.7814569536423841
KO-PEP,kalman_basic,threshold_z,full_2013_2025,no_cost,0.3239945494863867,0.02358199769431568,0.08240324593166347,0.33477557561360416,-0.1566849298124632,55,0.47476011681268254,0.03665611495879252,0.767777065983344
KO-PEP,kalman_basic,threshold_z,full_2013_2025,tc_5bps,0.2679027504893815,0.018864490284881796,0.08241622012728274,0.26053092385389487,-0.1738399963598611,55,0.47476011681268254,0.03665611495879252,0.767777065983344
KO-PEP,kalman_basic,threshold_z,full_2013_2025,tc_10bps,0.21176266972526642,0.014166491488756927,0.08245486135437671,0.1903835267912366,-0.19065379668895874,55,0.47476011681268254,0.03665611495879252,0.767777065983344
KO-PEP,kalman_basic,proportional,book_era_2013_2022,no_cost,0.48376789653909286,0.028609184713823455,0.062327156347552565,0.32558247527932194,-0.12887369056019973,1,0.4954310687326182,0.0978411110899499,0.9996028594122319
KO-PEP,kalman_basic,proportional,book_era_2013_2022,tc_5bps,0.2860323003462543,0.01600817359541118,0.06231428165493339,0.1719721138208148,-0.13766104255963232,1,0.4684147794994041,0.0978411110899499,0.9996028594122319
KO-PEP,kalman_basic,proportional,book_era_2013_2022,tc_10bps,0.08819584281059407,0.0035600826745396663,0.06231492498636382,0.036147389273283315,-0.16079369952755143,1,0.45371473976956694,0.0978411110899499,0.9996028594122319
KO-PEP,kalman_basic,proportional,oos_2023_2025,no_cost,-0.8103969141062651,-0.035323469703796295,0.04322323139335829,-0.08258530511781892,-0.10807190149801331,1,0.47429519071310117,0.09434880245951466,0.9983443708609272
KO-PEP,kalman_basic,proportional,oos_2023_2025,tc_5bps,-1.0845056405776021,-0.04672704388694526,0.04326019219576424,-0.10836433679439805,-0.12455000047217206,1,0.4527363184079602,0.09434880245951466,0.9983443708609272
KO-PEP,kalman_basic,proportional,oos_2023_2025,tc_10bps,-1.3577013047970934,-0.0579969237252449,0.04331134642863474,-0.1334214316899569,-0.14601621035977752,1,0.41956882255389716,0.09434880245951466,0.9983443708609272
KO-PEP,kalman_basic,proportional,full_2013_2025,no_cost,0.2989769165430877,0.016058104227728354,0.059133789727488846,0.21818451673211703,-0.16574771798341306,1,0.49150913168856136,0.09705541670135934,0.9996796925048046
KO-PEP,kalman_basic,proportional,full_2013_2025,tc_5bps,0.0921842292409574,0.003709162420878487,0.059127853611634106,0.046935566363850656,-0.21165897875080023,1,0.46555591156680554,0.09705541670135934,0.9996796925048046
KO-PEP,kalman_basic,proportional,full_2013_2025,tc_10bps,-0.11462388331375795,-0.008491069679232188,0.05913537996227566,-0.10025516437674475,-0.2550475403906298,1,0.44729253444408845,0.09705541670135934,0.9996796925048046
KO-PEP,kalman_basic,kalman_z,book_era_2013_2022,no_cost,0.2192987915851556,0.015558129882305316,0.08801080743919161,0.1667952682545264,-0.1563640065073817,31,0.4765432098765432,0.025987369568823984,0.8042096902303415
KO-PEP,kalman_basic,kalman_z,book_era_2013_2022,tc_5bps,0.1820885992828207,0.012238105350110828,0.08801350120379958,0.12923646909789954,-0.15755218555800873,31,0.4765432098765432,0.025987369568823984,0.8042096902303415
KO-PEP,kalman_basic,kalman_z,book_era_2013_2022,tc_10bps,0.14485292294213117,0.008927392891561858,0.0880330636586413,0.09286999097291382,-0.1587391191718631,31,0.4765432098765432,0.025987369568823984,0.8042096902303415
KO-PEP,kalman_basic,kalman_z,oos_2023_2025,no_cost,-0.9149887349471058,-0.06002514355598165,0.06531534334991922,-0.13788676283472168,-0.19280779194302763,11,0.469061876247505,0.03721166435197767,0.8294701986754967
KO-PEP,kalman_basic,kalman_z,oos_2023_2025,tc_5bps,-0.98611419708358,-0.06442583421835346,0.06535903578240941,-0.14752913369372278,-0.19728821869129176,11,0.469061876247505,0.03721166435197767,0.8294701986754967
KO-PEP,kalman_basic,kalman_z,oos_2023_2025,tc_10bps,-1.0566246338221223,-0.06880796727566829,0.06543491471609605,-0.15706809600610383,-0.20174577982554395,11,0.469061876247505,0.03721166435197767,0.8294701986754967
KO-PEP,kalman_basic,kalman_z,full_2013_2025,no_cost,0.0505807310326148,0.0007255328107496073,0.08411972610114442,0.009025775072949438,-0.19280779194302933,41,0.4752671151563118,0.027839428872847943,0.8094170403587444
KO-PEP,kalman_basic,kalman_z,full_2013_2025,tc_5bps,0.008880011745731109,-0.002779486757940708,0.08412930341443615,-0.03389494388702974,-0.2007644668653538,41,0.4752671151563118,0.027839428872847943,0.8094170403587444
KO-PEP,kalman_basic,kalman_z,full_2013_2025,tc_10bps,-0.032803862269648675,-0.006273856877862083,0.0841577376714197,-0.07500871362589889,-0.21442894951977537,41,0.4752671151563118,0.027839428872847943,0.8094170403587444
KO-PEP,kalman_momentum,threshold_z,book_era_2013_2022,no_cost,0.4083901519537785,0.02784832058198039,0.07394869634095858,0.315817418922516,-0.17734913636655736,94,0.49229781771501924,0.07630255683153458,0.6187450357426529
KO-PEP,kalman_momentum,threshold_z,book_era_2013_2022,tc_5bps,0.27798700021451556,0.018006585457267965,0.07405309298207827,0.19521039569712273,-0.18332896867308157,94,0.49229781771501924,0.07630255683153458,0.6187450357426529
KO-PEP,kalman_momentum,threshold_z,book_era_2013_2022,tc_10bps,0.1478346912420118,0.008254332477729776,0.07421583473908751,0.0856069985321144,-0.1892681862395056,94,0.49229781771501924,0.07630255683153458,0.6187450357426529
KO-PEP,kalman_momentum,threshold_z,oos_2023_2025,no_cost,-0.5400807788251184,-0.030732938779621133,0.054996126788669004,-0.0720868553074242,-0.12146744341948634,22,0.45194805194805193,0.07316092469753682,0.6374172185430463
KO-PEP,kalman_momentum,threshold_z,oos_2023_2025,tc_5bps,-0.7079164705167107,-0.039627246637981006,0.0549791241216222,-0.09236478172818141,-0.13843124879926091,22,0.45194805194805193,0.07316092469753682,0.6374172185430463
KO-PEP,kalman_momentum,threshold_z,oos_2023_2025,tc_10bps,-0.8746537303648706,-0.048444208732850935,0.05503767072723392,-0.11220912088287283,-0.15507552954376969,22,0.45194805194805193,0.07316092469753682,0.6374172185430463
KO-PEP,kalman_momentum,threshold_z,full_2013_2025,no_cost,0.2632841828531715,0.016245054321511798,0.07068743306475038,0.220964279033659,-0.17734913636655736,116,0.4843026248069995,0.07569475868645623,0.622357463164638
KO-PEP,kalman_momentum,threshold_z,full_2013_2025,tc_5bps,0.12820389708651095,0.0065928087362230325,0.07077275858334445,0.08481504837930331,-0.18821718639495558,116,0.4843026248069995,0.07569475868645623,0.622357463164638
KO-PEP,kalman_momentum,threshold_z,full_2013_2025,tc_10bps,-0.006545471025543128,-0.0029724171461790183,0.0709186756360888,-0.03620800839746863,-0.2275001763325605,116,0.4843026248069995,0.07569475868645623,0.622357463164638
KO-PEP,kalman_momentum,proportional,book_era_2013_2022,no_cost,0.36097048545800053,0.01678525306179046,0.04950706645725155,0.1809595245385971,-0.12015148788768586,1,0.5148986889153755,0.14128655207822238,0.9996028594122319
KO-PEP,kalman_momentum,proportional,book_era_2013_2022,tc_5bps,0.001382151745651563,-0.001157093260530595,0.04954901011052331,-0.011501786345859522,-0.12103801999441026,1,0.4684147794994041,0.14128655207822238,0.9996028594122319
KO-PEP,kalman_momentum,proportional,book_era_2013_2022,tc_10bps,-0.3574035138161498,-0.01878537505084299,0.04961792658859735,-0.17261909786464824,-0.1927901177811526,1,0.43504171632896305,0.14128655207822238,0.9996028594122319
KO-PEP,kalman_momentum,proportional,oos_2023_2025,no_cost,-0.9635238156012876,-0.03444544737645161,0.03571506324024864,-0.08058266941993852,-0.11376899634251073,1,0.4792703150912106,0.14593547274251864,0.9983443708609272
KO-PEP,kalman_momentum,proportional,oos_2023_2025,tc_5bps,-1.4760660775935628,-0.05204270807346478,0.03577088070428621,-0.12023488242952818,-0.14688552883297332,1,0.44112769485903813,0.14593547274251864,0.9983443708609272
KO-PEP,kalman_momentum,proportional,oos_2023_2025,tc_10bps,-1.985148245102079,-0.06932163166665006,0.03586032091781628,-0.1581821385139719,-0.17900386807604185,1,0.4013266998341625,0.14593547274251864,0.9983443708609272
KO-PEP,kalman_momentum,proportional,full_2013_2025,no_cost,0.16404443198566535,0.006647952326619633,0.047167519988887165,0.0855515348279896,-0.17000756956479038,1,0.5081704581864787,0.14215605056548164,0.9996796925048046
KO-PEP,kalman_momentum,proportional,full_2013_2025,tc_5bps,-0.2155000622685491,-0.011224547349192648,0.04721155641162905,-0.13050787358942328,-0.2365482694491387,1,0.46331304069208584,0.14215605056548164,0.9996796925048046
KO-PEP,kalman_momentum,proportional,full_2013_2025,tc_10bps,-0.5939884530427091,-0.028782242988032003,0.04728333618925157,-0.3035868845176303,-0.3365371762460111,1,0.42838833707145146,0.14215605056548164,0.9996796925048046
KO-PEP,kalman_momentum,kalman_z,book_era_2013_2022,no_cost,0.6531298979848791,0.04215178638849104,0.06661077598450699,0.5106625524405708,-0.15697326097592632,68,0.5042955326460481,0.055356967438996624,0.46227164416203337
KO-PEP,kalman_momentum,kalman_z,book_era_2013_2022,tc_5bps,0.5479050070168903,0.03490467066153258,0.06667307463575521,0.40891636320151825,-0.16308259111779375,68,0.5042955326460481,0.055356967438996624,0.46227164416203337
KO-PEP,kalman_momentum,kalman_z,book_era_2013_2022,tc_10bps,0.4425579461019925,0.027704448072878973,0.06678342076817238,0.31397823015918336,-0.16915057156315455,68,0.5042955326460481,0.055356967438996624,0.46227164416203337
KO-PEP,kalman_momentum,kalman_z,oos_2023_2025,no_cost,-0.2005130555720451,-0.013130289669088024,0.05763954148137427,-0.031182913447758365,-0.11549609751747578,26,0.4645308924485126,0.08663172616111818,0.7235099337748344
KO-PEP,kalman_momentum,kalman_z,oos_2023_2025,tc_5bps,-0.39004503763612053,-0.023843520436327204,0.05761662349738283,-0.05620009134313486,-0.11828438774911401,26,0.4645308924485126,0.08663172616111818,0.7235099337748344
KO-PEP,kalman_momentum,kalman_z,oos_2023_2025,tc_10bps,-0.5788811834328967,-0.03444559034288419,0.0576779424385525,-0.08058299571184635,-0.13118401537745106,26,0.4645308924485126,0.08663172616111818,0.7235099337748344
KO-PEP,kalman_momentum,kalman_z,full_2013_2025,no_cost,0.5056003137094429,0.03122021892286786,0.06497759380935336,0.46355569281905007,-0.15697326097592632,94,0.4934415990006246,0.06140756137498683,0.5128122998078155
KO-PEP,kalman_momentum,kalman_z,full_2013_2025,tc_5bps,0.38622750296360076,0.023269457754755862,0.06502731910112682,0.3297351348947559,-0.16977564961439184,94,0.4934415990006246,0.06140756137498683,0.5128122998078155
KO-PEP,kalman_momentum,kalman_z,full_2013_2025,tc_10bps,0.26681448166588106,0.015376160144294992,0.0651313460914717,0.2080939280728087,-0.1888483975374642,94,0.4934415990006246,0.06140756137498683,0.5128122998078155
GLD-GDX,rolling_ols,threshold_z,book_era_2013_2022,no_cost,0.5697935478461911,0.03840239783157773,0.07050266333049617,0.4567903312358932,-0.11051770858783165,50,0.4976905311778291,0.04284963153442615,0.6883942766295708
GLD-GDX,rolling_ols,threshold_z,book_era_2013_2022,tc_5bps,0.49321703677616335,0.03281184740881371,0.07050224648694012,0.3803510564845092,-0.11068030111130349,50,0.4976905311778291,0.04284963153442615,0.6883942766295708
GLD-GDX,rolling_ols,threshold_z,book_era_2013_2022,tc_10bps,0.41644137355015176,0.027248845747566364,0.07053539199192009,0.30789021765774516,-0.11342434656761924,50,0.4976905311778291,0.04284963153442615,0.6883942766295708
GLD-GDX,rolling_ols,threshold_z,oos_2023_2025,no_cost,-0.47748816721186454,-0.03592901882858124,0.0713189339615543,-0.08396498818269571,-0.13627194943936255,7,0.43820224719101125,0.025463631320308273,0.8841059602649006
GLD-GDX,rolling_ols,threshold_z,oos_2023_2025,tc_5bps,-0.5225227335642812,-0.03901727684993361,0.07131242760862837,-0.09098246089554285,-0.1384993329909638,7,0.43820224719101125,0.025463631320308273,0.8841059602649006
GLD-GDX,rolling_ols,threshold_z,oos_2023_2025,tc_10bps,-0.5674183156012241,-0.042096943836117395,0.0713244198235693,-0.09794911295708131,-0.14072183204192099,7,0.43820224719101125,0.025463631320308273,0.8841059602649006
GLD-GDX,rolling_ols,threshold_z,full_2013_2025,no_cost,0.3665749841030577,0.023685816944933435,0.07067463663996251,0.3362055092289158,-0.14062530356644248,56,0.4843405381561535,0.03916897136600409,0.7266025641025641
GLD-GDX,rolling_ols,threshold_z,full_2013_2025,tc_5bps,0.29675718333845735,0.018646655078779384,0.07067145999545309,0.25701180650448663,-0.14285709175893974,56,0.4843405381561535,0.03916897136600409,0.7266025641025641
GLD-GDX,rolling_ols,threshold_z,full_2013_2025,tc_10bps,0.2268355690918103,0.013630023845795813,0.07069866989008122,0.18247886628830923,-0.14508393919485418,56,0.4843405381561535,0.03916897136600409,0.7266025641025641
GLD-GDX,rolling_ols,proportional,book_era_2013_2022,no_cost,0.490384435557663,0.025529325037329187,0.05443548597038894,0.2861957089288698,-0.0918587214799286,1,0.505857740585774,0.10345417029462546,0.9499205087440381
GLD-GDX,rolling_ols,proportional,book_era_2013_2022,tc_5bps,0.25073995745135813,0.012246698288660873,0.054475121331322825,0.12922316347933283,-0.10282570282612499,1,0.47489539748953974,0.10345417029462546,0.9499205087440381
GLD-GDX,rolling_ols,proportional,book_era_2013_2022,tc_10bps,0.011441062323577235,-0.0008653180473287003,0.054528515797437255,-0.008605940413539681,-0.13768753147448137,1,0.4531380753138075,0.10345417029462546,0.9499205087440381
GLD-GDX,rolling_ols,proportional,oos_2023_2025,no_cost,-0.2225297046286947,-0.012806258537641502,0.05188821659190436,-0.03042029959503545,-0.08615902591001383,1,0.4444444444444444,0.09572541670553553,0.9983443708609272
GLD-GDX,rolling_ols,proportional,oos_2023_2025,tc_5bps,-0.4546117517597349,-0.024644748783298476,0.05193018421855648,-0.05805577604260148,-0.09602797852538457,1,0.43781094527363185,0.09572541670553553,0.9983443708609272
GLD-GDX,rolling_ols,proportional,oos_2023_2025,tc_10bps,-0.6861261477491035,-0.03634256129999036,0.05198675875962167,-0.0849065079836584,-0.11070829872807286,1,0.4311774461028192,0.09572541670553553,0.9983443708609272
GLD-GDX,rolling_ols,proportional,full_2013_2025,no_cost,0.3589033776382777,0.018067216315241108,0.053952355005888304,0.24818767227599725,-0.0918587214799286,1,0.4939879759519038,0.10179235641639325,0.9596153846153846
GLD-GDX,rolling_ols,proportional,full_2013_2025,tc_5bps,0.12108931095005024,0.005091328652342186,0.05399192945597056,0.06489432935151163,-0.10282570282612499,1,0.467935871743487,0.10179235641639325,0.9596153846153846
GLD-GDX,rolling_ols,proportional,full_2013_2025,tc_10bps,-0.11634670536497492,-0.007720563059655627,0.05404528949963117,-0.0914985818766969,-0.16396764483560947,1,0.44889779559118237,0.10179235641639325,0.9596153846153846
GLD-GDX,kalman_basic,threshold_z,book_era_2013_2022,no_cost,0.11869659155987355,0.006183897381907721,0.07674075757418546,0.06353644933985758,-0.13792853746861003,48,0.49106659447753115,0.042194560999488734,0.7335186656076251
GLD-GDX,kalman_basic,threshold_z,book_era_2013_2022,tc_5bps,0.04937468053098607,0.0008435466863672136,0.0768076194328554,0.00846081105972507,-0.13839111903722695,48,0.49106659447753115,0.042194560999488734,0.7335186656076251
GLD-GDX,kalman_basic,threshold_z,book_era_2013_2022,tc_10bps,-0.019819050870446824,-0.004470836053271698,0.07690393571599069,-0.043785519312868115,-0.138853455512178,48,0.49052517596101786,0.042194560999488734,0.7335186656076251
GLD-GDX,kalman_basic,threshold_z,oos_2023_2025,no_cost,0.7825601137700648,0.04739513527877426,0.061594309711533256,0.11738151594736812,-0.05003447552494362,16,0.4945054945054945,0.05484116341949384,0.7533112582781457
GLD-GDX,kalman_basic,threshold_z,oos_2023_2025,tc_5bps,0.6699656923137352,0.04018134814718066,0.06163190727272904,0.09902465268146687,-0.05017602251842915,16,0.4945054945054945,0.05484116341949384,0.7533112582781457
GLD-GDX,kalman_basic,threshold_z,oos_2023_2025,tc_10bps,0.5570620724002215,0.03301389930980725,0.06171893319822422,0.08096097334077124,-0.05031754901218366,16,0.4945054945054945,0.05484116341949384,0.7533112582781457
GLD-GDX,kalman_basic,threshold_z,full_2013_2025,no_cost,0.20737696137731468,0.012705026519683527,0.07412314653736092,0.16930512034456058,-0.13792853746861003,63,0.4915327833260964,0.044329589267504514,0.7376681614349776
GLD-GDX,kalman_basic,threshold_z,full_2013_2025,tc_5bps,0.13191382360749987,0.007059886276615801,0.07418407245972203,0.09106779882356153,-0.13839111903722695,63,0.4915327833260964,0.044329589267504514,0.7376681614349776
GLD-GDX,kalman_basic,threshold_z,full_2013_2025,tc_10bps,0.056549932125775915,0.001443678773955348,0.07427730225900012,0.018033349913338492,-0.138853455512178,63,0.49109856708640903,0.044329589267504514,0.7376681614349776
GLD-GDX,kalman_basic,proportional,book_era_2013_2022,no_cost,0.23038758066009266,0.012011020802738637,0.05951517533169345,0.12670771280416582,-0.09140172466920174,1,0.49662296384584825,0.10951290937079053,0.9996028594122319
GLD-GDX,kalman_basic,proportional,book_era_2013_2022,tc_5bps,-0.0014608013510031175,-0.0018626209228895796,0.05960380816306515,-0.018456337813166468,-0.13061205567761436,1,0.47079856972586415,0.10951290937079053,0.9996028594122319
GLD-GDX,kalman_basic,proportional,book_era_2013_2022,tc_10bps,-0.23257305024932864,-0.015547541452225921,0.05970466435953376,-0.1449303553888679,-0.19165233087308817,1,0.4473579658323401,0.10951290937079053,0.9996028594122319
GLD-GDX,kalman_basic,proportional,oos_2023_2025,no_cost,1.0143513369232797,0.04110580622528803,0.04052377854521227,0.10136721693505035,-0.03738704055073063,1,0.5008291873963516,0.13771807771324787,0.9983443708609272
GLD-GDX,kalman_basic,proportional,oos_2023_2025,tc_5bps,0.5852431128054982,0.023195465710412977,0.040586331787459864,0.05649888229309141,-0.03957092770009203,1,0.46434494195688225,0.13771807771324787,0.9983443708609272
GLD-GDX,kalman_basic,proportional,oos_2023_2025,tc_10bps,0.15735433067425858,0.005590965774256995,0.040675037880146175,0.013452933986743298,-0.04366368679538212,1,0.45107794361525705,0.13771807771324787,0.9983443708609272
GLD-GDX,kalman_basic,proportional,full_2013_2025,no_cost,0.3279790396624214,0.017038325511221197,0.05635706518392422,0.23282442219535548,-0.09140172466920174,1,0.49727651393784045,0.11490536636461894,0.9996796925048046
GLD-GDX,kalman_basic,proportional,full_2013_2025,tc_5bps,0.0709750023989418,0.0024153297033788768,0.0564404342356695,0.030338276542633658,-0.13061205567761436,1,0.4694008330663249,0.11490536636461894,0.9996796925048046
GLD-GDX,kalman_basic,proportional,full_2013_2025,tc_10bps,-0.18522463248876606,-0.011999035947515724,0.05653792406527338,-0.13890787182762943,-0.19165233087308817,1,0.44793335469400836,0.11490536636461894,0.9996796925048046
GLD-GDX,kalman_basic,kalman_z,book_era_2013_2022,no_cost,0.3511678135802083,0.015963395303817407,0.0484381538398983,0.17145610547432866,-0.0638512513147811,4,0.4852459016393443,0.0042452014784603205,0.12112787926926132
GLD-GDX,kalman_basic,kalman_z,book_era_2013_2022,tc_5bps,0.3401920978238553,0.015420557206188956,0.048428594599699656,0.16521688397047285,-0.06398447885712366,4,0.4852459016393443,0.0042452014784603205,0.12112787926926132
GLD-GDX,kalman_basic,kalman_z,book_era_2013_2022,tc_10bps,0.3291839081767056,0.014877804833151043,0.04842317443017357,0.1590085613024821,-0.06411769129476204,4,0.4852459016393443,0.0042452014784603205,0.12112787926926132
GLD-GDX,kalman_basic,kalman_z,oos_2023_2025,no_cost,0.14198621968357586,0.005441426093118817,0.045512313718263274,0.013091748773431444,-0.03977838786608853,2,0.49765258215962443,0.008431937355364981,0.3526490066225166
GLD-GDX,kalman_basic,kalman_z,oos_2023_2025,tc_5bps,0.11869301338529173,0.004374676007610878,0.04549296637709497,0.0105173892334125,-0.04004450493218386,2,0.49765258215962443,0.008431937355364981,0.3526490066225166
GLD-GDX,kalman_basic,kalman_z,oos_2023_2025,tc_10bps,0.09536089095682004,0.0033086386911007626,0.04548272480299205,0.007948562396036474,-0.04131380478362075,2,0.49765258215962443,0.008431937355364981,0.3526490066225166
GLD-GDX,kalman_basic,kalman_z,full_2013_2025,no_cost,0.3126438549554648,0.01391919963078081,0.04787966466727114,0.18679251450630008,-0.0638512513147811,6,0.49034749034749037,0.005055191379053023,0.16591928251121077
GLD-GDX,kalman_basic,kalman_z,full_2013_2025,tc_5bps,0.29941115523656897,0.013274121310729248,0.04786838623452675,0.17747192348053353,-0.06398447885712366,6,0.49034749034749037,0.005055191379053023,0.16591928251121077
GLD-GDX,kalman_basic,kalman_z,full_2013_2025,tc_10bps,0.28614200633646375,0.012629207158614708,0.04786216076197274,0.16822101316953586,-0.06411769129476204,6,0.49034749034749037,0.005055191379053023,0.16591928251121077
GLD-GDX,kalman_momentum,threshold_z,book_era_2013_2022,no_cost,0.0826094427173482,0.003412794073504255,0.08277468910960163,0.03462888533572239,-0.1928987951606663,92,0.4801536491677337,0.07656946099550367,0.6203335980937251
GLD-GDX,kalman_momentum,threshold_z,book_era_2013_2022,tc_5bps,-0.03389118490564222,-0.006232627830539905,0.08290595784155502,-0.060560348871869674,-0.23471619866071977,92,0.4795134443021767,0.07656946099550367,0.6203335980937251
GLD-GDX,kalman_momentum,threshold_z,book_era_2013_2022,tc_10bps,-0.14993224204171654,-0.015789855921566676,0.08308775392656939,-0.14703103929038674,-0.27542082588386463,92,0.4795134443021767,0.07656946099550367,0.6203335980937251
GLD-GDX,kalman_momentum,threshold_z,oos_2023_2025,no_cost,0.3979507235107334,0.024276682181488596,0.06568837838337638,0.0591766933411777,-0.08691234022031698,30,0.4731457800511509,0.10077514887414636,0.6473509933774835
GLD-GDX,kalman_momentum,threshold_z,oos_2023_2025,tc_5bps,0.20435445057178997,0.011347408341863652,0.06578309847500215,0.02741362643685008,-0.0964558965235083,30,0.4731457800511509,0.10077514887414636,0.6473509933774835
GLD-GDX,kalman_momentum,threshold_z,oos_2023_2025,tc_10bps,0.01130053475984487,-0.0014248176156906878,0.06596149682006693,-0.0034116413457975225,-0.10590419305571165,30,0.4731457800511509,0.10077514887414636,0.6473509933774835
GLD-GDX,kalman_momentum,threshold_z,full_2013_2025,no_cost,0.15312361677576605,0.0090759974395489,0.07985429321949088,0.11843941131030067,-0.1928987951606663,121,0.4795291709314227,0.0809413214944641,0.6258808456117874
GLD-GDX,kalman_momentum,threshold_z,full_2013_2025,tc_5bps,0.025368734062882713,-0.0011730686646147515,0.07997922480125265,-0.014436330446439993,-0.23471619866071977,121,0.4790174002047083,0.0809413214944641,0.6258808456117874
GLD-GDX,kalman_momentum,threshold_z,full_2013_2025,tc_10bps,-0.10191716727448627,-0.01132286071368771,0.08015955547274271,-0.13157832513593015,-0.29236929016439656,121,0.4790174002047083,0.0809413214944641,0.6258808456117874
GLD-GDX,kalman_momentum,proportional,book_era_2013_2022,no_cost,0.16621660804732047,0.00828987417269178,0.06076775172407947,0.08598943974722761,-0.1466572725867312,1,0.4958283671036949,0.15893826573253056,0.9996028594122319
GLD-GDX,kalman_momentum,proportional,book_era_2013_2022,tc_5bps,-0.16303390154138242,-0.011708878526721533,0.06088066235439544,-0.11102502798212155,-0.21691208313922836,1,0.45371473976956694,0.15893826573253056,0.9996028594122319
GLD-GDX,kalman_momentum,proportional,book_era_2013_2022,tc_10bps,-0.4908796417757257,-0.03131389710947752,0.061016654278043946,-0.2723201475827808,-0.3330271552086376,1,0.42431466030989273,0.15893826573253056,0.9996028594122319
GLD-GDX,kalman_momentum,proportional,oos_2023_2025,no_cost,0.3950434375020695,0.016469657536896554,0.04377050434392585,0.03992994482787937,-0.05260998332569652,1,0.5074626865671642,0.17685107159770674,0.9983443708609272
GLD-GDX,kalman_momentum,proportional,oos_2023_2025,tc_5bps,-0.11404404086451574,-0.005929791146649155,0.04377242761871082,-0.014153859270839009,-0.057627739559253544,1,0.4709784411276949,0.17685107159770674,0.9983443708609272
GLD-GDX,kalman_momentum,proportional,oos_2023_2025,tc_10bps,-0.6225722077927761,-0.027839087032237475,0.043810531861192506,-0.06543287443952983,-0.1003918153341273,1,0.4361525704809287,0.17685107159770674,0.9983443708609272
GLD-GDX,kalman_momentum,proportional,full_2013_2025,no_cost,0.22615644127052367,0.011503261663873943,0.0580077285765508,0.1522299858368974,-0.1466572725867312,1,0.49855815443768026,0.1622833187298822,0.9996796925048046
GLD-GDX,kalman_momentum,proportional,full_2013_2025,tc_5bps,-0.12613620073531562,-0.00897537236594459,0.05810288129959534,-0.10568472095292059,-0.21691208313922836,1,0.4575456584428068,0.1622833187298822,0.9996796925048046
GLD-GDX,kalman_momentum,proportional,full_2013_2025,tc_10bps,-0.4770740439719848,-0.029042427151134143,0.05822277528999725,-0.305894700260965,-0.3714564538775499,1,0.42710669657161165,0.1622833187298822,0.9996796925048046
GLD-GDX,kalman_momentum,kalman_z,book_era_2013_2022,no_cost,-0.006599328317504325,-0.0011003393409275697,0.040686292742203624,-0.010940427341269876,-0.14195798071109625,4,0.4423076923076923,0.0034140117985200858,0.020651310563939634
GLD-GDX,kalman_momentum,kalman_z,book_era_2013_2022,tc_5bps,-0.017128566224558377,-0.0015345215059664463,0.04078961900732245,-0.015227681050551722,-0.14385368271526425,4,0.4423076923076923,0.0034140117985200858,0.020651310563939634
GLD-GDX,kalman_momentum,kalman_z,book_era_2013_2022,tc_10bps,-0.027601470350126948,-0.001968720489688991,0.040897574032673405,-0.019498368602686944,-0.14574609749831785,4,0.4423076923076923,0.0034140117985200858,0.020651310563939634
GLD-GDX,kalman_momentum,kalman_z,oos_2023_2025,no_cost,1.004830573026385,0.014599620843303907,0.014528722004688998,0.035350235176684563,-0.0025515758761545104,1,0.5,0.0033706507173672387,0.006622516556291391
GLD-GDX,kalman_momentum,kalman_z,oos_2023_2025,tc_5bps,0.9890502144450223,0.014171681663063707,0.014331124810359476,0.03430387044283689,-0.003050612070085168,1,0.5,0.0033706507173672387,0.006622516556291391
GLD-GDX,kalman_momentum,kalman_z,oos_2023_2025,tc_10bps,0.9720053228462954,0.013743714083761516,0.014145498747140483,0.03325805288041095,-0.0035496479518778434,1,0.5,0.0033706507173672387,0.006622516556291391
GLD-GDX,kalman_momentum,kalman_z,full_2013_2025,no_cost,0.07030412268832777,0.001917993262564588,0.03709357657596091,0.02402306115596753,-0.14195798071109625,5,0.44642857142857145,0.0034056229154270936,0.017937219730941704
GLD-GDX,kalman_momentum,kalman_z,full_2013_2025,tc_5bps,0.058614830474826206,0.0014849955794455916,0.03717016416412117,0.018553820994382075,-0.14385368271526425,5,0.44642857142857145,0.0034056229154270936,0.017937219730941704
GLD-GDX,kalman_momentum,kalman_z,full_2013_2025,tc_10bps,0.04696698658381656,0.001051978839001766,0.037252004250587244,0.013111206503654271,-0.14574609749831785,5,0.44642857142857145,0.0034056229154270936,0.017937219730941704
V-MA,rolling_ols,threshold_z,book_era_2013_2022,no_cost,0.4390839432171829,0.021558777369923288,0.051615833648664095,0.2373328956123053,-0.12294176278665778,57,0.5053956834532374,0.04680305042986451,0.6629570747217806
V-MA,rolling_ols,threshold_z,book_era_2013_2022,tc_5bps,0.3244562020619568,0.015549415300598168,0.051675694007948095,0.16655236507038174,-0.12866342946052053,57,0.5047961630695443,0.04680305042986451,0.6629570747217806
V-MA,rolling_ols,threshold_z,book_era_2013_2022,tc_10bps,0.2098829168952968,0.009572541966201387,0.05178751669433891,0.09978964802563595,-0.13435038268526522,57,0.5047961630695443,0.04680305042986451,0.6629570747217806
V-MA,rolling_ols,threshold_z,oos_2023_2025,no_cost,0.12538303709186163,0.004781435992637917,0.04673867677887214,0.011498562003135149,-0.07533785460227266,12,0.495850622406639,0.04001595513866107,0.7980132450331126
V-MA,rolling_ols,threshold_z,oos_2023_2025,tc_5bps,0.01745722980417489,-0.00027805889380205784,0.046870374389119056,-0.0006663291970665508,-0.0793885671092782,12,0.495850622406639,0.04001595513866107,0.7980132450331126
V-MA,rolling_ols,threshold_z,oos_2023_2025,tc_10bps,-0.08977096062383148,-0.005314471468821469,0.04705066562060893,-0.012690614405914569,-0.08342337934383998,12,0.495850622406639,0.04001595513866107,0.7980132450331126
V-MA,rolling_ols,threshold_z,full_2013_2025,no_cost,0.3856300201669357,0.018434036507798623,0.050704255210935564,0.253767250513943,-0.12294176278665778,68,0.503951650395165,0.04516893373785005,0.6894230769230769
V-MA,rolling_ols,threshold_z,full_2013_2025,tc_5bps,0.27299620369492533,0.01265088159854666,0.05077652040928768,0.16841424873648703,-0.12866342946052053,68,0.5034867503486751,0.04516893373785005,0.6894230769230769
V-MA,rolling_ols,threshold_z,full_2013_2025,tc_10bps,0.16052158918097983,0.006897815842255461,0.05089976805794324,0.08883501920706349,-0.13435038268526522,68,0.5034867503486751,0.04516893373785005,0.6894230769230769
V-MA,rolling_ols,proportional,book_era_2013_2022,no_cost,0.3752871702321811,0.013915670689078175,0.03883702745096215,0.14795030220334482,-0.07862290570055294,1,0.5158995815899582,0.11240307566374463,0.9499205087440381
V-MA,rolling_ols,proportional,book_era_2013_2022,tc_5bps,0.010599310896974036,-0.0003448860441704893,0.038894094406362836,-0.0034380562877596166,-0.09175515048675835,1,0.4786610878661088,0.11240307566374463,0.9499205087440381
V-MA,rolling_ols,proportional,book_era_2013_2022,tc_10bps,-0.35272974831795867,-0.014406890946709772,0.03898320740037917,-0.13487946457112998,-0.18037407729802052,1,0.4506276150627615,0.11240307566374463,0.9499205087440381
V-MA,rolling_ols,proportional,oos_2023_2025,no_cost,0.5089539831089466,0.015426746260172264,0.03102283868957614,0.037374407966044965,-0.03919736523706241,1,0.48756218905472637,0.10741023156216331,0.9983443708609272
V-MA,rolling_ols,proportional,oos_2023_2025,tc_5bps,0.07260954723959108,0.0017759966382799863,0.031063520257618275,0.004262035073746118,-0.04316781985614025,1,0.4560530679933665,0.10741023156216331,0.9983443708609272
V-MA,rolling_ols,proportional,oos_2023_2025,tc_10bps,-0.362249276333805,-0.011692869548244,0.031133757255228958,-0.027797250328287837,-0.05717308034467535,1,0.42786069651741293,0.10741023156216331,0.9983443708609272
V-MA,rolling_ols,proportional,full_2013_2025,no_cost,0.39812148667088526,0.01430820595832305,0.037448119232404015,0.19231146848016878,-0.07862290570055294,1,0.5106880427521711,0.11124064526455077,0.9596153846153846
V-MA,rolling_ols,proportional,full_2013_2025,tc_5bps,0.02380062329819265,0.00018881890147848246,0.03750236232542878,0.0023402713191287283,-0.09175515048675835,1,0.47461589846359387,0.11124064526455077,0.9596153846153846
V-MA,rolling_ols,proportional,full_2013_2025,tc_10bps,-0.3491472371832072,-0.013735959835025624,0.03758798669212195,-0.1573832660237645,-0.18037407729802052,1,0.44655978623914494,0.11124064526455077,0.9596153846153846
V-MA,kalman_basic,threshold_z,book_era_2013_2022,no_cost,0.8833177640096607,0.05331977237727892,0.06090794013003455,0.6804411840991289,-0.0803395958803576,67,0.5073606729758149,0.05489576798798735,0.7553613979348689
V-MA,kalman_basic,threshold_z,book_era_2013_2022,tc_5bps,0.7682840497244162,0.046053062451576476,0.06102456342342052,0.5681296425357489,-0.08136284483192852,67,0.5073606729758149,0.05489576798798735,0.7553613979348689
V-MA,kalman_basic,threshold_z,book_era_2013_2022,tc_10bps,0.6531431996381969,0.038833018683901654,0.061192295924175834,0.46327561142727336,-0.08238542464685807,67,0.5073606729758149,0.05489576798798735,0.7553613979348689
V-MA,kalman_basic,threshold_z,oos_2023_2025,no_cost,0.44983635815562845,0.019855478802320414,0.046060060976593035,0.04825179127454926,-0.059305418945742906,14,0.501039501039501,0.04653306737424589,0.7963576158940397
V-MA,kalman_basic,threshold_z,oos_2023_2025,tc_5bps,0.3218066411103533,0.01388886218647123,0.04616537292618304,0.03361267989277339,-0.060360216776636735,14,0.501039501039501,0.04653306737424589,0.7963576158940397
V-MA,kalman_basic,threshold_z,oos_2023_2025,tc_10bps,0.19411744883808035,0.007954307719806541,0.04632843240861001,0.01917111204496158,-0.06141430493969862,14,0.501039501039501,0.04653306737424589,0.7963576158940397
V-MA,kalman_basic,threshold_z,full_2013_2025,no_cost,0.815504953714207,0.046937750499193465,0.05833180446704171,0.7652138231245678,-0.0803395958803576,80,0.5067114093959731,0.05295792301052776,0.763613068545804
V-MA,kalman_basic,threshold_z,full_2013_2025,tc_5bps,0.6997488699215969,0.03996926556606262,0.05844550661041699,0.6250440633606726,-0.08136284483192852,80,0.5067114093959731,0.05295792301052776,0.763613068545804
V-MA,kalman_basic,threshold_z,full_2013_2025,tc_10bps,0.5839281793301218,0.03304384024320961,0.05861076775327078,0.49594510014686044,-0.08238542464685807,80,0.5067114093959731,0.05295792301052776,0.763613068545804
V-MA,kalman_basic,proportional,book_era_2013_2022,no_cost,0.9002284258132568,0.037942534103019065,0.04236511958022996,0.4507906038217151,-0.05713274804639973,1,0.5188716726261422,0.1264469505688312,0.9996028594122319
V-MA,kalman_basic,proportional,book_era_2013_2022,tc_5bps,0.5232774018080752,0.02153548853964815,0.042436323565091874,0.2372604988923277,-0.06220338292878863,1,0.47079856972586415,0.1264469505688312,0.9996028594122319
V-MA,kalman_basic,proportional,book_era_2013_2022,tc_10bps,0.1474743059553619,0.005385358216685399,0.042540653608190405,0.05513261876396225,-0.08388415904173742,1,0.4505363528009535,0.1264469505688312,0.9996028594122319
V-MA,kalman_basic,proportional,oos_2023_2025,no_cost,0.613968220684389,0.018155293895210978,0.030039100232727847,0.04406815715015178,-0.03499113199179828,1,0.49585406301824214,0.11033914015607622,0.9983443708609272
V-MA,kalman_basic,proportional,oos_2023_2025,tc_5bps,0.1508473593466597,0.004096862797070555,0.03009877853246533,0.009847576460225271,-0.039283184136923395,1,0.4593698175787728,0.11033914015607622,0.9983443708609272
V-MA,kalman_basic,proportional,oos_2023_2025,tc_10bps,-0.3101325963996983,-0.009769110710301843,0.03018841136717221,-0.023255302880454076,-0.0507741577035317,1,0.439469320066335,0.11033914015607622,0.9983443708609272
V-MA,kalman_basic,proportional,full_2013_2025,no_cost,0.8549249659726887,0.034192654980418125,0.0402754190384648,0.5166861796627273,-0.05713274804639973,1,0.5148990708106376,0.12315896387011685,0.9996796925048046
V-MA,kalman_basic,proportional,full_2013_2025,tc_5bps,0.46883078793766203,0.0182666564546472,0.040343834684072676,0.2513982207372143,-0.06220338292878863,1,0.4690804229413649,0.12315896387011685,0.9996796925048046
V-MA,kalman_basic,proportional,full_2013_2025,tc_10bps,0.08397658881770831,0.0025836328275343767,0.04044463348110708,0.03248349702406261,-0.08388415904173742,1,0.4488945850688882,0.12315896387011685,0.9996796925048046
V-MA,kalman_basic,kalman_z,book_era_2013_2022,no_cost,0.23373457983742982,0.013779421995028684,0.06861188125794045,0.1465356020884383,-0.20384042692628784,87,0.4888702225955481,0.07130173600900597,0.9455917394757745
V-MA,kalman_basic,kalman_z,book_era_2013_2022,tc_5bps,0.10265530240327293,0.004706265583173774,0.06870517484658162,0.04803291588982517,-0.20493717716292506,87,0.4888702225955481,0.07130173600900597,0.9455917394757745
V-MA,kalman_basic,kalman_z,book_era_2013_2022,tc_10bps,-0.028044775062591287,-0.00429000683149805,0.06885661347895816,-0.042048599267543674,-0.20603242005348724,87,0.4888702225955481,0.07130173600900597,0.9455917394757745
V-MA,kalman_basic,kalman_z,oos_2023_2025,no_cost,0.5002205979337876,0.024776238604114376,0.05158370587407611,0.060415261729323655,-0.05616523219851891,27,0.4938704028021016,0.08989928580895218,0.945364238410596
V-MA,kalman_basic,kalman_z,oos_2023_2025,tc_5bps,0.28010427294623697,0.013229570901135634,0.05168047610191764,0.03200246460135259,-0.0573187596045601,27,0.4938704028021016,0.08989928580895218,0.945364238410596
V-MA,kalman_basic,kalman_z,oos_2023_2025,tc_10bps,0.0606972121189482,0.0018074594057888582,0.051874082222173545,0.004337634633901022,-0.06910899610773,27,0.4938704028021016,0.08989928580895218,0.945364238410596
V-MA,kalman_basic,kalman_z,full_2013_2025,no_cost,0.27560155776218964,0.016069213771138013,0.06565771109217057,0.21834954188352595,-0.20384042692628784,113,0.4903487978327125,0.074579775480575,0.9458680333119796
V-MA,kalman_basic,kalman_z,full_2013_2025,tc_5bps,0.13229225424147303,0.00656012657768934,0.06575075612267159,0.08437876901290098,-0.20493717716292506,113,0.4903487978327125,0.074579775480575,0.9458680333119796
V-MA,kalman_basic,kalman_z,full_2013_2025,tc_10bps,-0.010601798067846077,-0.002864504312159788,0.06590730747099166,-0.034914857262935084,-0.20603242005348724,113,0.4903487978327125,0.074579775480575,0.9458680333119796
V-MA,kalman_momentum,threshold_z,book_era_2013_2022,no_cost,0.3048684715830821,0.015607104494884227,0.055917404189949046,0.16735762282734612,-0.09925067033492242,76,0.4906231094978826,0.06228632536266795,0.6564733915806196
V-MA,kalman_momentum,threshold_z,book_era_2013_2022,tc_5bps,0.16436612616773633,0.007665032741165589,0.0559688104177806,0.07928356439074968,-0.14835735666510794,76,0.4906231094978826,0.06228632536266795,0.6564733915806196
V-MA,kalman_momentum,threshold_z,book_era_2013_2022,tc_10bps,0.024094338903966225,-0.0002187395390202962,0.05608369518984537,-0.002183511105849467,-0.1955421246089563,76,0.4906231094978826,0.06228632536266795,0.6564733915806196
V-MA,kalman_momentum,threshold_z,oos_2023_2025,no_cost,-0.18165992541952267,-0.008231976494623261,0.04089920259788211,-0.019617296470892498,-0.07898400346632178,21,0.5060240963855421,0.06922456480913007,0.5496688741721855
V-MA,kalman_momentum,threshold_z,oos_2023_2025,tc_5bps,-0.39449228244823126,-0.01684713117438852,0.04094387134612502,-0.03990557648677895,-0.0911388324125022,21,0.5060240963855421,0.06922456480913007,0.5496688741721855
V-MA,kalman_momentum,threshold_z,oos_2023_2025,tc_10bps,-0.6054283559772298,-0.025391621605045822,0.04108551603170287,-0.059783654193433566,-0.10313909305409755,21,0.5060240963855421,0.06922456480913007,0.5496688741721855
V-MA,kalman_momentum,threshold_z,full_2013_2025,no_cost,0.23081850071306048,0.01095077530859534,0.05334041372685302,0.1444572222527889,-0.12509506728408717,97,0.49319899244332494,0.06362863690195786,0.6358103779628443
V-MA,kalman_momentum,threshold_z,full_2013_2025,tc_5bps,0.08043989864815752,0.0028755553667716427,0.0533907444735231,0.036214131561031815,-0.19279350902397827,97,0.49319899244332494,0.06362863690195786,0.6358103779628443
V-MA,kalman_momentum,threshold_z,full_2013_2025,tc_10bps,-0.06956686971789447,-0.005139041743303596,0.053509122812943025,-0.06183662702640336,-0.255282693196682,97,0.49319899244332494,0.06362863690195786,0.6358103779628443
V-MA,kalman_momentum,proportional,book_era_2013_2022,no_cost,0.3674093077750587,0.014083216058289993,0.04027355209701263,0.14997326857333904,-0.07545589683952654,1,0.5093365117203019,0.14368782524103776,0.9996028594122319
V-MA,kalman_momentum,proportional,book_era_2013_2022,tc_5bps,-0.08197669200724828,-0.0041140157481808215,0.040350348395030586,-0.04035542520483448,-0.15511441190970143,1,0.4632499006754072,0.14368782524103776,0.9996028594122319
V-MA,kalman_momentum,proportional,book_era_2013_2022,tc_10bps,-0.5291749580526665,-0.02198743783668955,0.04046384610097943,-0.19920571875601512,-0.2683180540696004,1,0.42431466030989273,0.14368782524103776,0.9996028594122319
V-MA,kalman_momentum,proportional,oos_2023_2025,no_cost,-0.1492402714894753,-0.004102074547650214,0.02538365364576046,-0.009803803774251496,-0.04564029345464427,1,0.5290215588723052,0.14288371963658422,0.9983443708609272
V-MA,kalman_momentum,proportional,oos_2023_2025,tc_5bps,-0.8582622661414061,-0.021872236826822378,0.02539038810790194,-0.05162543727779734,-0.0708341541908493,1,0.46766169154228854,0.14288371963658422,0.9983443708609272
V-MA,kalman_momentum,proportional,oos_2023_2025,tc_10bps,-1.564196190470474,-0.039327629726089164,0.025441156903686063,-0.09168593949647486,-0.10001193512224352,1,0.4129353233830846,0.14288371963658422,0.9983443708609272
V-MA,kalman_momentum,proportional,full_2013_2025,no_cost,0.29594795028034654,0.010540183245335788,0.03785192325057016,0.13871198071178403,-0.07545589683952654,1,0.5132970201858379,0.1435425225951885,0.9996796925048046
V-MA,kalman_momentum,proportional,full_2013_2025,tc_5bps,-0.18155065633552328,-0.00757497793422246,0.03791866625971281,-0.08990182821490422,-0.19300500438666443,1,0.46395386094200575,0.1435425225951885,0.9996796925048046
V-MA,kalman_momentum,proportional,full_2013_2025,tc_10bps,-0.6567282114435764,-0.02536805110078355,0.03802260380884771,-0.272642411438079,-0.33501896702984413,1,0.4219801345722525,0.1435425225951885,0.9996796925048046
V-MA,kalman_momentum,kalman_z,book_era_2013_2022,no_cost,0.3192944929850136,0.017277577694839286,0.059125877650797805,0.1866856144088398,-0.08548072343823718,163,0.4760112888052681,0.13139247598449386,0.8443208895949166
V-MA,kalman_momentum,kalman_z,book_era_2013_2022,tc_5bps,0.03918896890302205,0.0005661604584588087,0.05927982332242625,0.005671533025661146,-0.14747900660145596,163,0.4760112888052681,0.13139247598449386,0.8443208895949166
V-MA,kalman_momentum,kalman_z,book_era_2013_2022,tc_10bps,-0.2389907548809453,-0.015878744401395473,0.059551830062953476,-0.14780047034904464,-0.24508200871292865,163,0.4760112888052681,0.13139247598449386,0.8443208895949166
V-MA,kalman_momentum,kalman_z,oos_2023_2025,no_cost,0.3079413052169386,0.014018789545714894,0.049117788065637984,0.033930179618001155,-0.07811671858264327,58,0.47547169811320755,0.19233775786078872,0.8774834437086093
V-MA,kalman_momentum,kalman_z,oos_2023_2025,tc_5bps,-0.18508185550281261,-0.010264856775057063,0.0492169353900789,-0.02442692725366935,-0.09491217319651225,58,0.47547169811320755,0.19233775786078872,0.8774834437086093
V-MA,kalman_momentum,kalman_z,oos_2023_2025,tc_10bps,-0.6734499481621568,-0.03397855882188261,0.04951180010572748,-0.07951673092344391,-0.11745185760945681,58,0.47547169811320755,0.19233775786078872,0.8774834437086093
V-MA,kalman_momentum,kalman_z,full_2013_2025,no_cost,0.3185518869401676,0.01675480108183347,0.05731944753666019,0.2285733601492823,-0.08548072343823718,220,0.4764772299585999,0.14286358165814203,0.8510570147341447
V-MA,kalman_momentum,kalman_z,full_2013_2025,tc_5bps,0.004496807952651126,-0.0013916773654926162,0.057464513709729326,-0.017105357942220123,-0.17446457293141743,220,0.4764772299585999,0.14286358165814203,0.8510570147341447
V-MA,kalman_momentum,kalman_z,full_2013_2025,tc_10bps,-0.3072779359462123,-0.019222989024401116,0.05774057402476982,-0.21374194833863513,-0.30873291006879927,220,0.4764772299585999,0.14286358165814203,0.8510570147341447
XOM-CVX,rolling_ols,threshold_z,book_era_2013_2022,no_cost,0.4086800428751586,0.03393516395057161,0.09195850870243755,0.39541377571571124,-0.1439056401999795,40,0.5,0.03442807941475569,0.7281399046104928
XOM-CVX,rolling_ols,threshold_z,book_era_2013_2022,tc_5bps,0.3615466008959077,0.029461130477913766,0.09194850453748214,0.3362858738245127,-0.14411494086221535,40,0.49945414847161573,0.03442807941475569,0.7281399046104928
XOM-CVX,rolling_ols,threshold_z,book_era_2013_2022,tc_10bps,0.31433111842132505,0.02500440246381963,0.09195949612594373,0.2796377912117918,-0.14466696643408644,40,0.49890829694323147,0.03442807941475569,0.7281399046104928
XOM-CVX,rolling_ols,threshold_z,oos_2023_2025,no_cost,0.6660258759254989,0.04145033591763614,0.06405879402387073,0.10224099411706589,-0.06511484024767712,11,0.5208333333333334,0.0392842164212683,0.7152317880794702
XOM-CVX,rolling_ols,threshold_z,oos_2023_2025,tc_5bps,0.5879646422512577,0.036303024772042614,0.06414501897085656,0.08922869379466536,-0.06614968499464956,11,0.5208333333333334,0.0392842164212683,0.7152317880794702
XOM-CVX,rolling_ols,threshold_z,oos_2023_2025,tc_10bps,0.5098418085848473,0.031178780070761247,0.06426540803561279,0.0763640687023992,-0.0671838625214986,11,0.5208333333333334,0.0392842164212683,0.7152317880794702
XOM-CVX,rolling_ols,threshold_z,full_2013_2025,no_cost,0.44202582070971497,0.03538577896924333,0.08724753676276144,0.5380822673495367,-0.1439056401999795,51,0.5039752650176679,0.03536817773268313,0.7256410256410256
XOM-CVX,rolling_ols,threshold_z,full_2013_2025,tc_5bps,0.39093158099800357,0.030782115809096178,0.08725126161735387,0.4555209168821357,-0.14542311536526897,51,0.5035335689045937,0.03536817773268313,0.7256410256410256
XOM-CVX,rolling_ols,threshold_z,full_2013_2025,tc_10bps,0.33975323252587925,0.026196805980309046,0.0872777075095697,0.37735613941407475,-0.15206340262858806,51,0.5030918727915195,0.03536817773268313,0.7256410256410256
XOM-CVX,rolling_ols,proportional,book_era_2013_2022,no_cost,0.3784233013000767,0.02367254259430851,0.06787375503347898,0.26313351763333515,-0.11790498853401024,1,0.5046025104602511,0.08787288187132668,0.9499205087440381
XOM-CVX,rolling_ols,proportional,book_era_2013_2022,tc_5bps,0.21536960368668415,0.01240317394519641,0.06785092736147395,0.13096718515693162,-0.1295759381988379,1,0.47782426778242676,0.08787288187132668,0.9499205087440381
XOM-CVX,rolling_ols,proportional,book_era_2013_2022,tc_10bps,0.05219851436662279,0.001256707403087809,0.06783802686330345,0.01261819487058835,-0.14109343436513477,1,0.45439330543933054,0.08787288187132668,0.9499205087440381
XOM-CVX,rolling_ols,proportional,oos_2023_2025,no_cost,0.6714403049992412,0.029705469123283867,0.04511047774371108,0.07268174014840278,-0.04066097098982527,1,0.5323383084577115,0.09130778204813196,0.9983443708609272
XOM-CVX,rolling_ols,proportional,oos_2023_2025,tc_5bps,0.41635606565224664,0.01792765556126663,0.04511574094016773,0.04350874898069357,-0.04166994176656192,1,0.5024875621890548,0.09130778204813196,0.9983443708609272
XOM-CVX,rolling_ols,proportional,oos_2023_2025,tc_10bps,0.1612749786919641,0.0062833140020044365,0.04513677148067306,0.015126149976140146,-0.04267805911772444,1,0.49087893864013266,0.09130778204813196,0.9983443708609272
XOM-CVX,rolling_ols,proportional,full_2013_2025,no_cost,0.4160531191100311,0.024931346609906813,0.06409718309727681,0.3564741141155847,-0.11790498853401024,1,0.5103540414161657,0.0884889116317652,0.9596153846153846
XOM-CVX,rolling_ols,proportional,full_2013_2025,tc_5bps,0.24217597145155415,0.013569186559931223,0.06407832286239305,0.18160047204082175,-0.1295759381988379,1,0.48296593186372744,0.0884889116317652,0.9596153846153846
XOM-CVX,rolling_ols,proportional,full_2013_2025,tc_10bps,0.06818516390703552,0.0023318116451063187,0.06407005530616894,0.029256237014029907,-0.14109343436513477,1,0.4619238476953908,0.0884889116317652,0.9596153846153846
XOM-CVX,kalman_basic,threshold_z,book_era_2013_2022,no_cost,-0.09265647242703913,-0.009633026049282511,0.07450522921236699,-0.09219021898241475,-0.19341049001984095,39,0.4817629179331307,0.033185762785693886,0.7839555202541699
XOM-CVX,kalman_basic,threshold_z,book_era_2013_2022,tc_5bps,-0.14874722747087876,-0.013766947718621414,0.07452103824492115,-0.12935058269366395,-0.19938626824463748,39,0.4817629179331307,0.033185762785693886,0.7839555202541699
XOM-CVX,kalman_basic,threshold_z,book_era_2013_2022,tc_10bps,-0.2047456911827843,-0.017885509680248712,0.0745617836936654,-0.1650059265248759,-0.20842008180871924,39,0.4817629179331307,0.033185762785693886,0.7839555202541699
XOM-CVX,kalman_basic,threshold_z,oos_2023_2025,no_cost,0.4298263731056683,0.023010735357349432,0.056659146016084405,0.056041762181131105,-0.07756835636365715,13,0.47767857142857145,0.043536713158515074,0.7417218543046358
XOM-CVX,kalman_basic,threshold_z,oos_2023_2025,tc_5bps,0.33304594743762794,0.01741505210124239,0.05665275173756218,0.04224969499400433,-0.08060852138398356,13,0.47767857142857145,0.043536713158515074,0.7417218543046358
XOM-CVX,kalman_basic,threshold_z,oos_2023_2025,tc_10bps,0.23606034140449283,0.011847336326458402,0.05669035061031871,0.028631321991248404,-0.08364004749810312,13,0.47767857142857145,0.043536713158515074,0.7417218543046358
XOM-CVX,kalman_basic,threshold_z,full_2013_2025,no_cost,-0.008492122382899352,-0.0031532889833419953,0.07142892125506185,-0.03837187685582921,-0.19341049001984095,51,0.4812216260833677,0.0348708227362499,0.7761050608584241
XOM-CVX,kalman_basic,threshold_z,full_2013_2025,tc_5bps,-0.06999230718615791,-0.00752455593917678,0.07144080552230811,-0.08932880980880675,-0.19938626824463748,51,0.4812216260833677,0.0348708227362499,0.7761050608584241
XOM-CVX,kalman_basic,threshold_z,full_2013_2025,tc_10bps,-0.13142150777286055,-0.011878671669521501,0.07148016051335683,-0.13760733237828693,-0.20842008180871924,51,0.4812216260833677,0.0348708227362499,0.7761050608584241
XOM-CVX,kalman_basic,proportional,book_era_2013_2022,no_cost,-0.06597561409659868,-0.0053525396044370455,0.05687741957167051,-0.0522140213176544,-0.1672585115110484,1,0.49106078665077474,0.09174968617925225,0.9996028594122319
XOM-CVX,kalman_basic,proportional,book_era_2013_2022,tc_5bps,-0.26922333661578884,-0.01678552336919137,0.05687836476415841,-0.1556140644277555,-0.1844405286611546,1,0.46444179578863726,0.09174968617925225,0.9996028594122319
XOM-CVX,kalman_basic,proportional,book_era_2013_2022,tc_10bps,-0.4723706012355063,-0.02808822981907444,0.056890592961021995,-0.24774234509291082,-0.26771485433294984,1,0.45212554628526025,0.09174968617925225,0.9996028594122319
XOM-CVX,kalman_basic,proportional,oos_2023_2025,no_cost,0.4583505730281753,0.017771066615409836,0.04019184005456462,0.043124042043116706,-0.05118369802609329,1,0.5058043117744611,0.10127301777301193,0.9983443708609272
XOM-CVX,kalman_basic,proportional,oos_2023_2025,tc_5bps,0.14085880399971193,0.004866909838312061,0.04019310486747096,0.01170480970168608,-0.05510442773056454,1,0.47761194029850745,0.10127301777301193,0.9983443708609272
XOM-CVX,kalman_basic,proportional,oos_2023_2025,tc_10bps,-0.17652764770469714,-0.007875051898406982,0.040213800223564945,-0.018771418792011163,-0.065159362113037,1,0.4527363184079602,0.10127301777301193,0.9983443708609272
XOM-CVX,kalman_basic,proportional,full_2013_2025,no_cost,0.012030099565279014,-0.0008082881979832868,0.054065509788882256,-0.009967830435980596,-0.1672585115110484,1,0.4940724126882409,0.09344227376901194,0.9996796925048046
XOM-CVX,kalman_basic,proportional,full_2013_2025,tc_5bps,-0.2057363970460528,-0.012503889614578934,0.054065849255626845,-0.14434321315691545,-0.1844405286611546,1,0.46715796219160527,0.09344227376901194,0.9996796925048046
XOM-CVX,kalman_basic,proportional,full_2013_2025,tc_10bps,-0.42340459962807236,-0.024063773999424165,0.0540783910805325,-0.26049113783676614,-0.2761833916724542,1,0.45241909644344763,0.09344227376901194,0.9996796925048046
XOM-CVX,kalman_basic,kalman_z,book_era_2013_2022,no_cost,-0.11589177680864232,-0.011693721232981624,0.07634335145973647,-0.1108887858475277,-0.23664327542244906,23,0.5007159904534606,0.020611721909081674,0.8320095313741064
XOM-CVX,kalman_basic,kalman_z,book_era_2013_2022,tc_5bps,-0.14988686368472165,-0.014258234496962618,0.07635521437564372,-0.13367454147505642,-0.24420963685321176,23,0.5007159904534606,0.020611721909081674,0.8320095313741064
XOM-CVX,kalman_basic,kalman_z,book_era_2013_2022,tc_10bps,-0.18383669191503504,-0.01681720333660497,0.07638149067528835,-0.1558858771149808,-0.2517040165552151,23,0.5007159904534606,0.020611721909081674,0.8320095313741064
XOM-CVX,kalman_basic,kalman_z,oos_2023_2025,no_cost,0.22032053294168252,0.012725848760994252,0.06782414942043105,0.030773188305100785,-0.07113422597800917,11,0.5099099099099099,0.039235082106648916,0.9188741721854304
XOM-CVX,kalman_basic,kalman_z,oos_2023_2025,tc_5bps,0.14748206548391865,0.007733407915601287,0.06780100596216722,0.01863584376012173,-0.07227500505093301,11,0.5099099099099099,0.039235082106648916,0.9188741721854304
XOM-CVX,kalman_basic,kalman_z,oos_2023_2025,tc_10bps,0.07455812685855263,0.0027632767156813287,0.06781034165922323,0.006635878435497178,-0.07341485395177423,11,0.5099099099099099,0.039235082106648916,0.9188741721854304
XOM-CVX,kalman_basic,kalman_z,full_2013_2025,no_cost,-0.06009329415359083,-0.007265860620669584,0.07479287164908413,-0.08638365939871939,-0.27399520614425693,33,0.5028291210863824,0.023897209641234946,0.8491351697629724
XOM-CVX,kalman_basic,kalman_z,full_2013_2025,tc_5bps,-0.10034490315191008,-0.01025111677559476,0.07479800384114388,-0.11984334953543563,-0.28530794438088336,33,0.5028291210863824,0.023897209641234946,0.8491351697629724
XOM-CVX,kalman_basic,kalman_z,full_2013_2025,tc_10bps,-0.1405583977463201,-0.013228712820604893,0.07482048056048449,-0.15209165256416313,-0.2964490077153496,33,0.5028291210863824,0.023897209641234946,0.8491351697629724
XOM-CVX,kalman_momentum,threshold_z,book_era_2013_2022,no_cost,-0.3791738864737665,-0.02996697105353474,0.07316953746492323,-0.26214659072957336,-0.3464758531251948,77,0.46882640586797064,0.06295805624226274,0.6497220015885623
XOM-CVX,kalman_momentum,threshold_z,book_era_2013_2022,tc_5bps,-0.4875607469015674,-0.0376328925369821,0.07317384183470908,-0.31838376608084484,-0.37153440976975477,77,0.46882640586797064,0.06295805624226274,0.6497220015885623
XOM-CVX,kalman_momentum,threshold_z,book_era_2013_2022,tc_10bps,-0.5955367483267316,-0.045241891721504945,0.07322706480774117,-0.3703588121102679,-0.4129097561862264,77,0.46882640586797064,0.06295805624226274,0.6497220015885623
XOM-CVX,kalman_momentum,threshold_z,oos_2023_2025,no_cost,-0.6976087026826111,-0.04237873023017524,0.059530195363505164,-0.09858499515109165,-0.12008215219434536,22,0.4138817480719794,0.07331294660651715,0.6440397350993378
XOM-CVX,kalman_momentum,threshold_z,oos_2023_2025,tc_5bps,-0.8527754906255081,-0.051185693769458473,0.0595305730388212,-0.1183273294916124,-0.13230021815424442,22,0.41131105398457585,0.07331294660651715,0.6440397350993378
XOM-CVX,kalman_momentum,threshold_z,oos_2023_2025,tc_10bps,-1.006760863197516,-0.05991588343255505,0.059600692772507444,-0.13764655818100202,-0.14556690083201002,22,0.41131105398457585,0.07331294660651715,0.6440397350993378
XOM-CVX,kalman_momentum,threshold_z,full_2013_2025,no_cost,-0.4326998444953052,-0.03258374999952596,0.07076121046877057,-0.33661485881406206,-0.37437534602241934,99,0.4585389930898322,0.06528233128973374,0.6489429852658553
XOM-CVX,kalman_momentum,threshold_z,full_2013_2025,tc_5bps,-0.5488858081299856,-0.0405103676250661,0.07076870622868085,-0.40090029791950743,-0.41093021744788544,99,0.45804540967423496,0.06528233128973374,0.6489429852658553
XOM-CVX,kalman_momentum,threshold_z,full_2013_2025,tc_10bps,-0.6645552695034291,-0.048375825738182665,0.07082858930051206,-0.458982827310352,-0.46197454441729535,99,0.45804540967423496,0.06528233128973374,0.6489429852658553
XOM-CVX,kalman_momentum,proportional,book_era_2013_2022,no_cost,-0.2896780681600383,-0.01675181654388469,0.053399924050039266,-0.15532477490680074,-0.2376025501047561,1,0.4862932061978546,0.13382614608304844,0.9996028594122319
XOM-CVX,kalman_momentum,proportional,book_era_2013_2022,tc_5bps,-0.6057067741441662,-0.03319297779299113,0.05337711682497556,-0.28630227499444694,-0.31787221509747776,1,0.44298768375049663,0.13382614608304844,0.9996028594122319
XOM-CVX,kalman_momentum,proportional,book_era_2013_2022,tc_10bps,-0.9216424229455467,-0.04936136100602939,0.05337533779577638,-0.39698362735850556,-0.41346360294580276,1,0.4096146205800556,0.13382614608304844,0.9996028594122319
XOM-CVX,kalman_momentum,proportional,oos_2023_2025,no_cost,-1.0616768079309633,-0.039975055345008115,0.037752321575933216,-0.09315244119799759,-0.10193756902491886,1,0.42122719734660036,0.13962370364293458,0.9983443708609272
XOM-CVX,kalman_momentum,proportional,oos_2023_2025,tc_5bps,-1.5250108629082102,-0.056722332458402414,0.03781832138018095,-0.13060840892856385,-0.13774087854902978,1,0.3880597014925373,0.13962370364293458,0.9983443708609272
XOM-CVX,kalman_momentum,proportional,oos_2023_2025,tc_10bps,-1.985238124468716,-0.07317960294748316,0.03791280081369683,-0.16652193444821906,-0.1721211459301061,1,0.3598673300165838,0.13962370364293458,0.9983443708609272
XOM-CVX,kalman_momentum,proportional,full_2013_2025,no_cost,-0.40039730938925505,-0.02137612382861398,0.05075008974234367,-0.23486110428398677,-0.27916559695565546,1,0.4738865748157642,0.1350607191660917,0.9996796925048046
XOM-CVX,kalman_momentum,proportional,full_2013_2025,tc_5bps,-0.7358579948238361,-0.03789065922689561,0.05074056443181519,-0.38031734470143885,-0.38830995770644544,1,0.4325536686959308,0.1350607191660917,0.9996796925048046
XOM-CVX,kalman_momentum,proportional,full_2013_2025,tc_10bps,-1.070980813853849,-0.05412864897677139,0.050753010614969195,-0.4981357964439378,-0.5011508221884222,1,0.40019224607497594,0.1350607191660917,0.9996796925048046
XOM-CVX,kalman_momentum,kalman_z,book_era_2013_2022,no_cost,-0.355010971510033,-0.024183811891429707,0.06330012291705776,-0.2169949454369161,-0.30494526036229164,47,0.4690522243713733,0.03889558622615806,0.4106433677521843
XOM-CVX,kalman_momentum,kalman_z,book_era_2013_2022,tc_5bps,-0.432439581672914,-0.028954919723678918,0.06329920561871548,-0.2544183728861391,-0.3182388757366264,47,0.4690522243713733,0.03889558622615806,0.4106433677521843
XOM-CVX,kalman_momentum,kalman_z,book_era_2013_2022,tc_10bps,-0.509583278952311,-0.033704975320049235,0.06333395775629708,-0.29006986591867434,-0.33181815006724885,47,0.4690522243713733,0.03889558622615806,0.4106433677521843
XOM-CVX,kalman_momentum,kalman_z,oos_2023_2025,no_cost,-0.5369102097352629,-0.033997350134178594,0.060957234630103434,-0.07955964667684023,-0.1149394458519202,28,0.4019370460048426,0.0932524895665231,0.6837748344370861
XOM-CVX,kalman_momentum,kalman_z,oos_2023_2025,tc_5bps,-0.7298423856297318,-0.045282270093404686,0.06094243934207108,-0.10512194146328202,-0.13026616424963103,28,0.39951573849878935,0.0932524895665231,0.6837748344370861
XOM-CVX,kalman_momentum,kalman_z,oos_2023_2025,tc_10bps,-0.9215786635730832,-0.056440776408796856,0.06101290234182519,-0.12998629822426466,-0.14707364859385566,28,0.39951573849878935,0.0932524895665231,0.6837748344370861
XOM-CVX,kalman_momentum,kalman_z,full_2013_2025,no_cost,-0.389158279231129,-0.026090141975699477,0.0628445712742864,-0.27929055092413513,-0.32607136978888285,75,0.4498963372494817,0.049411784053698254,0.4634849455477258
XOM-CVX,kalman_momentum,kalman_z,full_2013_2025,tc_5bps,-0.4882464137705977,-0.03213534038420174,0.06284197720969112,-0.3327953610477006,-0.35960535686314915,75,0.44920525224602625,0.049411784053698254,0.4634849455477258
XOM-CVX,kalman_momentum,kalman_z,full_2013_2025,tc_10bps,-0.5869185657518841,-0.03814591057854644,0.06288479688893336,-0.3823510560457619,-0.391971475675896,75,0.44920525224602625,0.049411784053698254,0.4634849455477258
HD-LOW,rolling_ols,threshold_z,book_era_2013_2022,no_cost,0.42898041235180295,0.02943868025190932,0.07399227251553492,0.3359949510683591,-0.10475428660487392,44,0.4932903918411165,0.037112051071839895,0.7404610492845787
HD-LOW,rolling_ols,threshold_z,book_era_2013_2022,tc_5bps,0.3656700944373044,0.024634802868288563,0.07401512333448347,0.27503840836646876,-0.10997132015354404,44,0.4932903918411165,0.037112051071839895,0.7404610492845787
HD-LOW,rolling_ols,threshold_z,book_era_2013_2022,tc_10bps,0.3022834402872839,0.019851116633518684,0.07406624287185379,0.21683656935019524,-0.1206436417901142,44,0.4932903918411165,0.037112051071839895,0.7404610492845787
HD-LOW,rolling_ols,threshold_z,oos_2023_2025,no_cost,0.06465288973389215,0.002015951518130832,0.05200657867674318,0.00483868873977511,-0.09165851759952486,9,0.4871287128712871,0.030483736161556158,0.8360927152317881
HD-LOW,rolling_ols,threshold_z,oos_2023_2025,tc_5bps,-0.009193890034889587,-0.0018278017404441682,0.052053609290025595,-0.0043753304752666144,-0.09374634996923065,9,0.4871287128712871,0.030483736161556158,0.8360927152317881
HD-LOW,rolling_ols,threshold_z,oos_2023_2025,tc_10bps,-0.08285498607120269,-0.005658577675843435,0.0521335663779563,-0.013509063046470038,-0.09583029109138458,9,0.4871287128712871,0.030483736161556158,0.8360927152317881
HD-LOW,rolling_ols,threshold_z,full_2013_2025,no_cost,0.3721632070865685,0.023974832364520804,0.07027172219099914,0.3408837168256782,-0.10475428660487392,52,0.4917686787674124,0.03550851510204343,0.7592948717948718
HD-LOW,rolling_ols,threshold_z,full_2013_2025,tc_5bps,0.3083822028965353,0.01940218218901313,0.07029743088810626,0.26860368236910603,-0.10997132015354404,52,0.4917686787674124,0.03550851510204343,0.7592948717948718
HD-LOW,rolling_ols,threshold_z,full_2013_2025,tc_10bps,0.2445488730264377,0.014847836509143342,0.07035159671549067,0.20018891736693512,-0.1206436417901142,52,0.4917686787674124,0.03550851510204343,0.7592948717948718
HD-LOW,rolling_ols,proportional,book_era_2013_2022,no_cost,0.2488435274648173,0.01073165591940195,0.04740452378301992,0.11246176702989663,-0.07118793811212473,1,0.50418410041841,0.09099763239965247,0.9499205087440381
HD-LOW,rolling_ols,proportional,book_era_2013_2022,tc_5bps,0.006977074465868065,-0.0007898761821142353,0.04738479361480418,-0.007858301149825442,-0.09886331850739596,1,0.4820083682008368,0.09099763239965247,0.9499205087440381
HD-LOW,rolling_ols,proportional,book_era_2013_2022,tc_10bps,-0.23499154340167863,-0.012181522590226423,0.0473850858101832,-0.11517793392790832,-0.14848231501494547,1,0.4602510460251046,0.09099763239965247,0.9499205087440381
HD-LOW,rolling_ols,proportional,oos_2023_2025,no_cost,0.011571559917301489,-0.00022630650428134835,0.03586478536034893,-0.0005423314475655472,-0.0675640853747599,1,0.47429519071310117,0.08476281280226117,0.9983443708609272
HD-LOW,rolling_ols,proportional,oos_2023_2025,tc_5bps,-0.2856532688069625,-0.010849955165632474,0.03593553451440944,-0.025808668687660963,-0.06996920967771092,1,0.4527363184079602,0.08476281280226117,0.9983443708609272
HD-LOW,rolling_ols,proportional,oos_2023_2025,tc_10bps,-0.581420852963908,-0.02136179628578505,0.03602419350231245,-0.05043878319375383,-0.07958037272471807,1,0.43283582089552236,0.08476281280226117,0.9983443708609272
HD-LOW,rolling_ols,proportional,full_2013_2025,no_cost,0.20953626835041878,0.008519420595131555,0.0453962792914509,0.11074589638904864,-0.07118793811212473,1,0.49799599198396793,0.08952740212602811,0.9596153846153846
HD-LOW,rolling_ols,proportional,full_2013_2025,tc_5bps,-0.03895748102125123,-0.0027929121135018553,0.045390144891322204,-0.03403462578544214,-0.09886331850739596,1,0.4759519038076152,0.08952740212602811,0.9596153846153846
HD-LOW,rolling_ols,proportional,full_2013_2025,tc_10bps,-0.28739567574670555,-0.013979721004616086,0.04540339148155972,-0.15995807340111268,-0.1681533166467651,1,0.4545758183032732,0.08952740212602811,0.9596153846153846
HD-LOW,kalman_basic,threshold_z,book_era_2013_2022,no_cost,0.803773275935987,0.05547778772862477,0.07024002991106276,0.71516093787018,-0.11396692086969812,53,0.4977653631284916,0.043950164759431615,0.7108816521048451
HD-LOW,kalman_basic,threshold_z,book_era_2013_2022,tc_5bps,0.7244486656332723,0.04964660147105726,0.07028702046025226,0.6227963822305038,-0.11502984535886702,53,0.4977653631284916,0.043950164759431615,0.7108816521048451
HD-LOW,kalman_basic,threshold_z,book_era_2013_2022,tc_10bps,0.6449035338229998,0.04384488296747713,0.07036962125956547,0.5353654428067118,-0.11609193836706808,53,0.4977653631284916,0.043950164759431615,0.7108816521048451
HD-LOW,kalman_basic,threshold_z,oos_2023_2025,no_cost,-0.16016051506535453,-0.009938618012911848,0.05345744893765224,-0.02365600116180011,-0.11818416570888736,8,0.5064377682403434,0.02863008472154738,0.7715231788079471
HD-LOW,kalman_basic,threshold_z,oos_2023_2025,tc_5bps,-0.22762530306959308,-0.013504096745833749,0.05346138178288861,-0.0320622416190558,-0.12027905366900243,8,0.5064377682403434,0.02863008472154738,0.7715231788079471
HD-LOW,kalman_basic,threshold_z,oos_2023_2025,tc_10bps,-0.29491301688723615,-0.017058377581663176,0.053495617359597875,-0.040399948014067544,-0.12236984294193036,8,0.5064377682403434,0.02863008472154738,0.7715231788079471
HD-LOW,kalman_basic,threshold_z,full_2013_2025,no_cost,0.6491986328826662,0.042321213640521105,0.06733403965604051,0.6711657802063904,-0.11818416570888762,60,0.4993354009747452,0.040666086719591474,0.7229340166559898
HD-LOW,kalman_basic,threshold_z,full_2013_2025,tc_5bps,0.5727722360812293,0.03699211814078529,0.06737274807263452,0.5683405263643464,-0.12027905366900303,60,0.4993354009747452,0.040666086719591474,0.7229340166559898
HD-LOW,kalman_basic,threshold_z,full_2013_2025,tc_10bps,0.49618062323751433,0.031687765819535585,0.06744582732690133,0.4717977752046827,-0.12236984294193058,60,0.4993354009747452,0.040666086719591474,0.7229340166559898
HD-LOW,kalman_basic,proportional,book_era_2013_2022,no_cost,0.7325402549607577,0.03537016062505405,0.0490920291018722,0.41526132187820397,-0.07150255657480654,1,0.5101311084624554,0.10684689669546564,0.9996028594122319
HD-LOW,kalman_basic,proportional,book_era_2013_2022,tc_5bps,0.45854245476709554,0.021527366886392674,0.04906672936669647,0.23716221286220418,-0.07748123442743371,1,0.4799364322606277,0.10684689669546564,0.9996028594122319
HD-LOW,kalman_basic,proportional,book_era_2013_2022,tc_10bps,0.18418772465198527,0.007867951279376229,0.04906119321818584,0.08145721393013061,-0.08411930951603748,1,0.45729042510925705,0.10684689669546564,0.9996028594122319
HD-LOW,kalman_basic,proportional,oos_2023_2025,no_cost,-0.15451322812102045,-0.006010621576401753,0.03504982087806071,-0.014345981980726785,-0.07102740517417565,1,0.5024875621890548,0.0845908668604273,0.9983443708609272
HD-LOW,kalman_basic,proportional,oos_2023_2025,tc_5bps,-0.4585046779346014,-0.01654951880157063,0.03505767981638621,-0.03920883433039324,-0.07993736964791504,1,0.4693200663349917,0.0845908668604273,0.9983443708609272
HD-LOW,kalman_basic,proportional,oos_2023_2025,tc_10bps,-0.7619935765557699,-0.026977689814501327,0.0350823947080922,-0.06344686680548006,-0.0931850614334798,1,0.44776119402985076,0.0845908668604273,0.9983443708609272
HD-LOW,kalman_basic,proportional,full_2013_2025,no_cost,0.5957053645633706,0.02709956041553352,0.046713881605358144,0.39272864882945924,-0.07150255657480654,1,0.5084908683114386,0.10231428708995101,0.9996796925048046
HD-LOW,kalman_basic,proportional,full_2013_2025,tc_5bps,0.3198871287305537,0.013945587315264962,0.04669181207080426,0.18717522419381738,-0.0827946711436549,1,0.47773149631528355,0.10231428708995101,0.9996796925048046
HD-LOW,kalman_basic,proportional,full_2013_2025,tc_10bps,0.04379009853349358,0.0009585254073183336,0.04668885418603424,0.011940097709811637,-0.119389923043932,1,0.4553027875680872,0.10231428708995101,0.9996796925048046
HD-LOW,kalman_basic,kalman_z,book_era_2013_2022,no_cost,-0.22183346972678525,-0.022914553822499184,0.08733082579713995,-0.2067586499519698,-0.41052529896967765,49,0.47463917525773197,0.04163888784597375,0.9630659253375695
HD-LOW,kalman_basic,kalman_z,book_era_2013_2022,tc_5bps,-0.2818994733095955,-0.02802823936574106,0.08733396937652123,-0.24727825998896746,-0.4116757889197087,49,0.47463917525773197,0.04163888784597375,0.9630659253375695
HD-LOW,kalman_basic,kalman_z,book_era_2013_2022,tc_10bps,-0.34185718420709615,-0.033117512340621325,0.08736367470861078,-0.28574543515584716,-0.41282403715630156,49,0.47463917525773197,0.04163888784597375,0.9630659253375695
HD-LOW,kalman_basic,kalman_z,oos_2023_2025,no_cost,0.12415767736836773,0.00546696413130543,0.05695450963228629,0.013153425829663945,-0.07878322333324399,24,0.4982014388489209,0.08018986632790225,0.9205298013245033
HD-LOW,kalman_basic,kalman_z,oos_2023_2025,tc_5bps,-0.053158300338325006,-0.004646346224732034,0.05704816569408467,-0.011100364232045634,-0.0792904009044606,24,0.4982014388489209,0.08018986632790225,0.9205298013245033
HD-LOW,kalman_basic,kalman_z,oos_2023_2025,tc_10bps,-0.22957708683363404,-0.014662772690261283,0.05722046073592662,-0.034784906480457845,-0.08187618054370965,24,0.4982014388489209,0.08018986632790225,0.9205298013245033
HD-LOW,kalman_basic,kalman_z,full_2013_2025,no_cost,-0.17517323079344904,-0.01764909918025903,0.0823289204017969,-0.1979667781045653,-0.41052529896967765,72,0.4788732394366197,0.048777013312208836,0.9551569506726457
HD-LOW,kalman_basic,kalman_z,full_2013_2025,tc_5bps,-0.24978073187069247,-0.02366968761101451,0.08234312750154553,-0.25678309607086625,-0.4116757889197087,72,0.4788732394366197,0.048777013312208836,0.9551569506726457
HD-LOW,kalman_basic,kalman_z,full_2013_2025,tc_10bps,-0.32423164262522164,-0.029656182194410463,0.0823905714843332,-0.3113108403683321,-0.41282403715630156,72,0.4788732394366197,0.048777013312208836,0.9551569506726457
HD-LOW,kalman_momentum,threshold_z,book_era_2013_2022,no_cost,-0.1428551766866488,-0.012210687853158153,0.06926105320639403,-0.11552497417786245,-0.17339120588483756,62,0.4964493221433183,0.051457016064716504,0.6151707704527403
HD-LOW,kalman_momentum,threshold_z,book_era_2013_2022,tc_5bps,-0.23630154214681443,-0.018598211973234635,0.06930925574443138,-0.17104079871162658,-0.20904639904558103,62,0.4964493221433183,0.051457016064716504,0.6151707704527403
HD-LOW,kalman_momentum,threshold_z,book_era_2013_2022,tc_10bps,-0.32941704316728543,-0.02494746320111596,0.06939977307124875,-0.22309620174644185,-0.24477446840626885,62,0.4964493221433183,0.051457016064716504,0.6151707704527403
HD-LOW,kalman_momentum,threshold_z,oos_2023_2025,no_cost,-0.7825327998980451,-0.037069306583250694,0.04686755264683643,-0.086559735493828,-0.10825066405023048,16,0.4378698224852071,0.05460117001625594,0.5596026490066225
HD-LOW,kalman_momentum,threshold_z,oos_2023_2025,tc_5bps,-0.9289058988610146,-0.04367331381659456,0.0468886511244591,-0.10150300885539953,-0.11472284656831339,16,0.4378698224852071,0.05460117001625594,0.5596026490066225
HD-LOW,kalman_momentum,threshold_z,oos_2023_2025,tc_10bps,-1.0736090031015346,-0.050235203601801226,0.04697696451454277,-0.11620890022502284,-0.127248312980161,16,0.4378698224852071,0.05460117001625594,0.5596026490066225
HD-LOW,kalman_momentum,threshold_z,full_2013_2025,no_cost,-0.23007194126427347,-0.017069539059221372,0.06552526289592629,-0.1920848984639224,-0.2105376784444171,78,0.4859565447800742,0.05206530209505918,0.6044202434336964
HD-LOW,kalman_momentum,threshold_z,full_2013_2025,tc_5bps,-0.3299673687101797,-0.023500152406758623,0.06556937004064309,-0.25518265186076383,-0.2699164236911785,78,0.4859565447800742,0.05206530209505918,0.6044202434336964
HD-LOW,kalman_momentum,threshold_z,full_2013_2025,tc_10bps,-0.42943160859505314,-0.029891755084908156,0.06565883833404744,-0.3133793377221321,-0.32627719757890955,78,0.4859565447800742,0.05206530209505918,0.6044202434336964
HD-LOW,kalman_momentum,proportional,book_era_2013_2022,no_cost,-0.13010903067817492,-0.006968277991865501,0.045715919250496215,-0.06748608079796814,-0.10225037580986426,1,0.5148986889153755,0.1171383497609437,0.9996028594122319
HD-LOW,kalman_momentum,proportional,book_era_2013_2022,tc_5bps,-0.45310708957815277,-0.021517509745766716,0.04570108587221966,-0.1953526964769201,-0.20511192972001072,1,0.4731823599523242,0.1171383497609437,0.9996028594122319
HD-LOW,kalman_momentum,proportional,book_era_2013_2022,tc_10bps,-0.775885194655933,-0.03585552176130935,0.04571155413750282,-0.30570020083193283,-0.3132816798728142,1,0.44497417560588004,0.1171383497609437,0.9996028594122319
HD-LOW,kalman_momentum,proportional,oos_2023_2025,no_cost,-0.27124303815638545,-0.00871691816949094,0.030560653203608165,-0.020765881409848586,-0.06384235139014839,1,0.4759535655058043,0.1357905196505948,0.9983443708609272
HD-LOW,kalman_momentum,proportional,oos_2023_2025,tc_5bps,-0.8284465466018257,-0.025537209813474515,0.030658550033370768,-0.060120254839274634,-0.0803816708049793,1,0.41956882255389716,0.1357905196505948,0.9983443708609272
HD-LOW,kalman_momentum,proportional,oos_2023_2025,tc_10bps,-1.3805269167965264,-0.04207424886407518,0.03079155854025664,-0.09789788786883802,-0.10439886795798377,1,0.37976782752902155,0.1357905196505948,0.9983443708609272
HD-LOW,kalman_momentum,proportional,full_2013_2025,no_cost,-0.148203746611963,-0.007307672045479108,0.043196446110355634,-0.08686025943394793,-0.10518937830564266,1,0.5075296379365588,0.12075579572845985,0.9996796925048046
HD-LOW,kalman_momentum,proportional,full_2013_2025,tc_5bps,-0.5004271592773286,-0.022298409482586434,0.04319730657081015,-0.24374683082185222,-0.25550612120211785,1,0.4629926305671259,0.12075579572845985,0.9996796925048046
HD-LOW,kalman_momentum,proportional,full_2013_2025,tc_10bps,-0.8521131296542395,-0.03706475742443538,0.04322470150459218,-0.3736947259917587,-0.3805870238881039,1,0.43223325857097084,0.12075579572845985,0.9996796925048046
HD-LOW,kalman_momentum,kalman_z,book_era_2013_2022,no_cost,0.01270562649708988,-0.00186861933901028,0.07532036670504755,-0.018515276349209686,-0.17985840087815652,128,0.48877805486284287,0.10398518033630086,0.7962668784749801
HD-LOW,kalman_momentum,kalman_z,book_era_2013_2022,tc_5bps,-0.16099879896363253,-0.01487015490505117,0.07543621662754858,-0.13903320188274626,-0.18434433607607795,128,0.48877805486284287,0.10398518033630086,0.7962668784749801
HD-LOW,kalman_momentum,kalman_z,book_era_2013_2022,tc_10bps,-0.33383795262000576,-0.027708551475756682,0.07562732996540866,-0.24480081229674822,-0.26771204938088006,128,0.48877805486284287,0.10398518033630086,0.7962668784749801
HD-LOW,kalman_momentum,kalman_z,oos_2023_2025,no_cost,-0.347651589598502,-0.021058947225522484,0.05661772078485798,-0.04973432165192915,-0.11229174140856794,47,0.44022770398481975,0.1562684340191881,0.8725165562913907
HD-LOW,kalman_momentum,kalman_z,oos_2023_2025,tc_5bps,-0.6944693108081745,-0.04015214585318938,0.05669518105976221,-0.09355333329905602,-0.11740048231603147,47,0.44022770398481975,0.1562684340191881,0.8725165562913907
HD-LOW,kalman_momentum,kalman_z,oos_2023_2025,tc_10bps,-1.0377134937157928,-0.05888209327719174,0.05691637081025705,-0.135371875361882,-0.14438193802950533,47,0.44022770398481975,0.1562684340191881,0.8725165562913907
HD-LOW,kalman_momentum,kalman_z,full_2013_2025,no_cost,-0.04329650963854332,-0.005694394177590878,0.07207558227254686,-0.06830413660456192,-0.18315065391575983,174,0.47848401105408606,0.11378019782036834,0.8113388853299167
HD-LOW,kalman_momentum,kalman_z,full_2013_2025,tc_5bps,-0.24183203696594632,-0.019856023565448577,0.07218615981137178,-0.22000605304562615,-0.24957616433642102,174,0.47848401105408606,0.11378019782036834,0.8113388853299167
HD-LOW,kalman_momentum,kalman_z,full_2013_2025,tc_10bps,-0.43924140027980896,-0.03382273173997785,0.07238213650408776,-0.3470641021268094,-0.3665219222327736,174,0.47848401105408606,0.11378019782036834,0.8113388853299167
GS-MS,rolling_ols,threshold_z,book_era_2013_2022,no_cost,0.19850509914366787,0.01054716603025363,0.0627551870983055,0.11043606378741955,-0.16268568197263641,44,0.4982876712328767,0.03685544834842304,0.6963434022257552
GS-MS,rolling_ols,threshold_z,book_era_2013_2022,tc_5bps,0.12448443888410092,0.005864641594526487,0.06276638441614239,0.0601201996753582,-0.16638476694908236,44,0.4977168949771689,0.03685544834842304,0.6963434022257552
GS-MS,rolling_ols,threshold_z,book_era_2013_2022,tc_10bps,0.05046337171413408,0.001201630457034808,0.06281093682922077,0.01206219726126534,-0.1712038748846854,44,0.4977168949771689,0.03685544834842304,0.6963434022257552
GS-MS,rolling_ols,threshold_z,oos_2023_2025,no_cost,-0.1521252164276493,-0.015965138499141274,0.0832089088576139,-0.037839880874127596,-0.1369474801017901,8,0.5041322314049587,0.029493963115935766,0.8013245033112583
GS-MS,rolling_ols,threshold_z,oos_2023_2025,tc_5bps,-0.19677506834477854,-0.01961597263986603,0.08321385813262992,-0.046373615560834636,-0.141751148962162,8,0.5041322314049587,0.029493963115935766,0.8013245033112583
GS-MS,rolling_ols,threshold_z,oos_2023_2025,tc_10bps,-0.24136320960327323,-0.023254895397322284,0.08323825328189711,-0.05483545008780111,-0.1465302165588702,8,0.5041322314049587,0.029493963115935766,0.8013245033112583
GS-MS,rolling_ols,threshold_z,full_2013_2025,no_cost,0.11546480567668928,0.005523562427477646,0.0671948114197693,0.07057810345725901,-0.1751697270131895,51,0.4997764863656683,0.03511092104872676,0.7169871794871795
GS-MS,rolling_ols,threshold_z,full_2013_2025,tc_5bps,0.049619886187458495,0.0010843328692702325,0.06720409995153724,0.01350822290616338,-0.18695818877086512,51,0.49932945909700494,0.03511092104872676,0.7169871794871795
GS-MS,rolling_ols,threshold_z,full_2013_2025,tc_10bps,-0.01619972316548924,-0.003337353835847323,0.06724289360291684,-0.040543904055570956,-0.1996791042405057,51,0.49932945909700494,0.03511092104872676,0.7169871794871795
GS-MS,rolling_ols,proportional,book_era_2013_2022,no_cost,0.014579649296761858,-0.00038247607280417206,0.04584363831100049,-0.0038121354365305837,-0.15301642111273986,1,0.5092050209205021,0.08520099614496562,0.9499205087440381
GS-MS,rolling_ols,proportional,book_era_2013_2022,tc_5bps,-0.2196039160127903,-0.011056494777824,0.04584135623800699,-0.10506504909134773,-0.17929636791649023,1,0.4820083682008368,0.08520099614496562,0.9499205087440381
GS-MS,rolling_ols,proportional,book_era_2013_2022,tc_10bps,-0.4536564240239368,-0.02161768216921367,0.04585467273879438,-0.19603598801395417,-0.22274468548021853,1,0.4594142259414226,0.08520099614496562,0.9499205087440381
GS-MS,rolling_ols,proportional,oos_2023_2025,no_cost,-0.08170692333548565,-0.006445729537202127,0.05830904987043231,-0.015379798325002136,-0.13058986904804218,1,0.5091210613598673,0.0903478241386876,0.9983443708609272
GS-MS,rolling_ols,proportional,oos_2023_2025,tc_5bps,-0.2765262965848656,-0.017697677880058826,0.058396178260201125,-0.041895172975914274,-0.14110658561163877,1,0.48258706467661694,0.0903478241386876,0.9983443708609272
GS-MS,rolling_ols,proportional,oos_2023_2025,tc_10bps,-0.47064405803384285,-0.02882356379098905,0.05849835832517394,-0.06769964197124334,-0.15149753980033545,1,0.46102819237147596,0.0903478241386876,0.9983443708609272
GS-MS,rolling_ols,proportional,full_2013_2025,no_cost,-0.007300091103754599,-0.0015299124983395584,0.04849747272806203,-0.01877773790404158,-0.15959175305086626,1,0.5093520374081496,0.08614922341469233,0.9596153846153846
GS-MS,rolling_ols,proportional,full_2013_2025,tc_5bps,-0.23103352672379773,-0.012310750208203713,0.04851606724970351,-0.142183248621507,-0.2092426322081683,1,0.48229792919171677,0.08614922341469233,0.9596153846153846
GS-MS,rolling_ols,proportional,full_2013_2025,tc_10bps,-0.4544512259652582,-0.022976372243058263,0.0485500731631999,-0.2500797001120618,-0.2727886890516089,1,0.45991983967935873,0.08614922341469233,0.9596153846153846
GS-MS,kalman_basic,threshold_z,book_era_2013_2022,no_cost,0.28496160400757176,0.015632991314211697,0.06095241832779583,0.16765496864987894,-0.11953500416803602,49,0.5002683843263553,0.041232479186554656,0.7398729150119142
GS-MS,kalman_basic,threshold_z,book_era_2013_2022,tc_5bps,0.19953140983524498,0.01036668349978731,0.06101198065695699,0.10854830676764538,-0.1252362135023484,49,0.5002683843263553,0.041232479186554656,0.7398729150119142
GS-MS,kalman_basic,threshold_z,book_era_2013_2022,tc_10bps,0.1141961344513984,0.0051252124552751965,0.061109898100688155,0.05240777725491186,-0.1309715713931078,49,0.5002683843263553,0.041232479186554656,0.7398729150119142
GS-MS,kalman_basic,threshold_z,oos_2023_2025,no_cost,-0.0038612296796306142,-0.0023600062672083366,0.06494911032368202,-0.005647202458268108,-0.10435720829955585,14,0.49622166246851385,0.04860411768514229,0.6572847682119205
GS-MS,kalman_basic,threshold_z,oos_2023_2025,tc_5bps,-0.09784757613542445,-0.008464285534534599,0.06515135594112458,-0.020167618623204486,-0.11362695263688076,14,0.49622166246851385,0.04860411768514229,0.6572847682119205
GS-MS,kalman_basic,threshold_z,oos_2023_2025,tc_10bps,-0.19112980230241164,-0.014534108107420063,0.06539545868062431,-0.03448279012770916,-0.12280517247107395,14,0.49622166246851385,0.04860411768514229,0.6572847682119205
GS-MS,kalman_basic,threshold_z,full_2013_2025,no_cost,0.2261257467325714,0.012126824794808089,0.0617366918660145,0.16106098464050866,-0.11953500416803602,63,0.4995575221238938,0.04265863858858762,0.7238949391415759
GS-MS,kalman_basic,threshold_z,full_2013_2025,tc_5bps,0.13886306681461477,0.0066958431178294475,0.06182541754101308,0.08619152729135315,-0.1279913694307751,63,0.4995575221238938,0.04265863858858762,0.7238949391415759
GS-MS,kalman_basic,threshold_z,full_2013_2025,tc_10bps,0.05181776289526936,0.001291449971765557,0.06195324624811596,0.016117820743061673,-0.14812288427027623,63,0.4995575221238938,0.04265863858858762,0.7238949391415759
GS-MS,kalman_basic,proportional,book_era_2013_2022,no_cost,0.5038391080821473,0.021668687831670974,0.044513903064150574,0.23887344332726568,-0.05668092142368176,1,0.5196662693682956,0.104292735262582,0.9996028594122319
GS-MS,kalman_basic,proportional,book_era_2013_2022,tc_5bps,0.2085024036119032,0.008330379925283848,0.04454126385659214,0.08642544380358697,-0.07686663689679815,1,0.49026618990862136,0.104292735262582,0.9996028594122319
GS-MS,kalman_basic,proportional,book_era_2013_2022,tc_10bps,-0.08643252956131925,-0.004835369395206679,0.044588814982439384,-0.04727836094689397,-0.09741122917797317,1,0.46881207787048074,0.104292735262582,0.9996028594122319
GS-MS,kalman_basic,proportional,oos_2023_2025,no_cost,0.4971228237529094,0.023382233088242055,0.04890387089220667,0.05696116028445908,-0.06460633184924458,1,0.5024875621890548,0.11738282824686208,0.9983443708609272
GS-MS,kalman_basic,proportional,oos_2023_2025,tc_5bps,0.19407244489008188,0.00835073853427426,0.049058968864278206,0.02013212523315544,-0.08231120198145103,1,0.4593698175787728,0.11738282824686208,0.9983443708609272
GS-MS,kalman_basic,proportional,oos_2023_2025,tc_10bps,-0.10700386992674463,-0.006462302110755824,0.04924347438494612,-0.015419162254143526,-0.09968450927869865,1,0.4295190713101161,0.11738282824686208,0.9983443708609272
GS-MS,kalman_basic,proportional,full_2013_2025,no_cost,0.5022952590457714,0.022006171509709294,0.04538820052184881,0.3095394569085488,-0.06460633184924537,1,0.5165011214354374,0.10682518680157813,0.9996796925048046
GS-MS,kalman_basic,proportional,full_2013_2025,tc_5bps,0.20549879469217158,0.008340435326041007,0.04544213709736353,0.10838079193943861,-0.08231120198145163,1,0.48446010893944247,0.10682518680157813,0.9996796925048046
GS-MS,kalman_basic,proportional,full_2013_2025,tc_10bps,-0.09054979707443546,-0.005144293756506491,0.045518259216705416,-0.06189798361387833,-0.1215179896053335,1,0.4613905799423262,0.10682518680157813,0.9996796925048046
GS-MS,kalman_basic,kalman_z,book_era_2013_2022,no_cost,0.3190798574894256,0.019701337281190057,0.0684941032780355,0.21524164139206547,-0.14105540851796064,34,0.5061671996345363,0.02952241704398678,0.869340746624305
GS-MS,kalman_basic,kalman_z,book_era_2013_2022,tc_5bps,0.2647582300681925,0.015915245142364975,0.06849745203617735,0.1709014690937678,-0.1495001307200275,34,0.5061671996345363,0.02952241704398678,0.869340746624305
GS-MS,kalman_basic,kalman_z,book_era_2013_2022,tc_10bps,0.2103691512240977,0.012141511655415549,0.06852449389017455,0.12816020251751725,-0.1578656380791704,34,0.5061671996345363,0.02952241704398678,0.869340746624305
GS-MS,kalman_basic,kalman_z,oos_2023_2025,no_cost,0.7721175259188496,0.06435907592642365,0.08547851423347815,0.1612496832064978,-0.1481828017198801,25,0.4850187265917603,0.08426202694671414,0.8841059602649006
GS-MS,kalman_basic,kalman_z,oos_2023_2025,tc_5bps,0.6472290674081606,0.05311289157108612,0.08556853565873702,0.13205748624970925,-0.1493545077436876,25,0.4850187265917603,0.08426202694671414,0.8841059602649006
GS-MS,kalman_basic,kalman_z,oos_2023_2025,tc_10bps,0.5222711601250706,0.04198019957465848,0.08571300036532782,0.1035855932535934,-0.15052503736097894,25,0.4850187265917603,0.08426202694671414,0.8841059602649006
GS-MS,kalman_basic,kalman_z,full_2013_2025,no_cost,0.42456732762661137,0.02840991128909809,0.07209080930477951,0.41490200756875617,-0.14818280171987985,58,0.5022026431718062,0.03979344339861867,0.8725176169122357
GS-MS,kalman_basic,kalman_z,full_2013_2025,tc_5bps,0.3549148989992164,0.023265323286331352,0.07211145110253726,0.32966857430250696,-0.1495001307200275,58,0.5022026431718062,0.03979344339861867,0.8725176169122357
GS-MS,kalman_basic,kalman_z,full_2013_2025,tc_10bps,0.2851805458871916,0.01814410432230651,0.07216289755142896,0.24953360382110512,-0.1578656380791704,58,0.5022026431718062,0.03979344339861867,0.8725176169122357
GS-MS,kalman_momentum,threshold_z,book_era_2013_2022,no_cost,0.04314982195937637,0.0008103757664492672,0.05862520142086989,0.008126892299259447,-0.1903039548813334,84,0.48546691403834263,0.06840647788841608,0.642176330420969
GS-MS,kalman_momentum,threshold_z,book_era_2013_2022,tc_5bps,-0.10371285685839621,-0.007784215370817971,0.05871547072135563,-0.07511389987450134,-0.2234103959938476,84,0.48546691403834263,0.06840647788841608,0.642176330420969
GS-MS,kalman_momentum,threshold_z,book_era_2013_2022,tc_10bps,-0.24984464650906776,-0.016309118078376317,0.05887164535944503,-0.15151701891074987,-0.25836300869117657,84,0.48484848484848486,0.06840647788841608,0.642176330420969
GS-MS,kalman_momentum,threshold_z,oos_2023_2025,no_cost,0.31367808212469084,0.017144581648591117,0.05990581514518642,0.04158572385030146,-0.08897283515391059,23,0.47648902821316613,0.07806531203971234,0.5281456953642384
GS-MS,kalman_momentum,threshold_z,oos_2023_2025,tc_5bps,0.14903331190163352,0.007178266579530801,0.06008664621078203,0.017291389132266133,-0.09276135648418363,23,0.47648902821316613,0.07806531203971234,0.5281456953642384
GS-MS,kalman_momentum,threshold_z,oos_2023_2025,tc_10bps,-0.014605792096211956,-0.0026951945314753756,0.06034026948649684,-0.006447755174125991,-0.0974979379194992,23,0.47648902821316613,0.07806531203971234,0.5281456953642384
GS-MS,kalman_momentum,threshold_z,full_2013_2025,no_cost,0.09241424588254055,0.003713646698960682,0.05887359652825369,0.04699351563908416,-0.19047965914690757,106,0.48425400103252453,0.06995588206654177,0.6204356181934657
GS-MS,kalman_momentum,threshold_z,full_2013_2025,tc_5bps,-0.05719932443733689,-0.005101061207825719,0.05898115315205672,-0.06139281001692731,-0.22859826670493996,106,0.48425400103252453,0.06995588206654177,0.6204356181934657
GS-MS,kalman_momentum,threshold_z,full_2013_2025,tc_10bps,-0.20603465586148853,-0.013842585958537046,0.05915569496915488,-0.15860351898595526,-0.27833270408420635,106,0.48373773877129583,0.06995588206654177,0.6204356181934657
GS-MS,kalman_momentum,proportional,book_era_2013_2022,no_cost,0.12880377222159572,0.004398550607002338,0.040414169761264364,0.04483002844847794,-0.11909275826928013,1,0.5061581247516885,0.1304567413944023,0.9996028594122319
GS-MS,kalman_momentum,proportional,book_era_2013_2022,tc_5bps,-0.2776151649099708,-0.011978455954754885,0.04045907183378254,-0.11344500252609135,-0.20094958708704846,1,0.4656336909018673,0.1304567413944023,0.9996028594122319
GS-MS,kalman_momentum,proportional,book_era_2013_2022,tc_10bps,-0.6826337650785115,-0.028090642636022567,0.040533596095634436,-0.24776100521523992,-0.29294136616519295,1,0.4378228049264998,0.1304567413944023,0.9996028594122319
GS-MS,kalman_momentum,proportional,oos_2023_2025,no_cost,0.7818836473237231,0.031102801780590772,0.04020811253560601,0.07617399204372988,-0.0413825870405198,1,0.4892205638474295,0.15342909966669377,0.9983443708609272
GS-MS,kalman_momentum,proportional,oos_2023_2025,tc_5bps,0.3003941841062657,0.01135871116246534,0.040300377849713506,0.02744114790372465,-0.049772007031519856,1,0.439469320066335,0.15342909966669377,0.9983443708609272
GS-MS,kalman_momentum,proportional,oos_2023_2025,tc_10bps,-0.17870142797480534,-0.008010549274045098,0.04043653996812658,-0.019092584874798924,-0.06532504570240547,1,0.4046434494195688,0.15342909966669377,0.9983443708609272
GS-MS,kalman_momentum,proportional,full_2013_2025,no_cost,0.25252776419428224,0.00942464341541438,0.04037462848778177,0.1232363067513067,-0.11909275826928013,1,0.5030438961871195,0.1348265738679108,0.9996796925048046
GS-MS,kalman_momentum,proportional,full_2013_2025,tc_5bps,-0.16801557638034292,-0.007580895809478849,0.040427404360332514,-0.08996905989336412,-0.20094958708704846,1,0.4607497596924063,0.1348265738679108,0.9996796925048046
GS-MS,kalman_momentum,proportional,full_2013_2025,tc_10bps,-0.5869912881865933,-0.024302352097237745,0.0405126659136376,-0.2627276970310807,-0.3097705022644644,1,0.43159243832105093,0.1348265738679108,0.9996796925048046
GS-MS,kalman_momentum,kalman_z,book_era_2013_2022,no_cost,0.2504854291594774,0.013243299630471217,0.059614938533267346,0.1404915137208338,-0.12703993133242472,83,0.49067599067599066,0.06768439175496237,0.6814932486100079
GS-MS,kalman_momentum,kalman_z,book_era_2013_2022,tc_5bps,0.10734675948490345,0.004636282019554461,0.05966123367326012,0.047303708527841604,-0.15979631863208152,83,0.49067599067599066,0.06768439175496237,0.6814932486100079
GS-MS,kalman_momentum,kalman_z,book_era_2013_2022,tc_10bps,-0.03553168934142979,-0.003901741122540714,0.05977180648579069,-0.03830959164865044,-0.19133856906659663,83,0.49009324009324007,0.06768439175496237,0.6814932486100079
GS-MS,kalman_momentum,kalman_z,oos_2023_2025,no_cost,0.7362184411611933,0.05221699874566954,0.07272706359465267,0.12975059072600637,-0.08001405136229234,47,0.4575569358178054,0.1566777963012793,0.7996688741721855
GS-MS,kalman_momentum,kalman_z,oos_2023_2025,tc_5bps,0.4633188331727479,0.03163447839150435,0.07295538328208227,0.07750451037708128,-0.08479610495848103,47,0.4575569358178054,0.1566777963012793,0.7996688741721855
GS-MS,kalman_momentum,kalman_z,oos_2023_2025,tc_10bps,0.1918315286370243,0.011444742592071178,0.07329452474190465,0.02765064165526865,-0.09269254432211549,47,0.4575569358178054,0.1566777963012793,0.7996688741721855
GS-MS,kalman_momentum,kalman_z,full_2013_2025,no_cost,0.35542820446775086,0.020428880121895254,0.06236844239205435,0.28471977330455545,-0.12722936390859355,129,0.48363636363636364,0.0845823162785693,0.7046764894298526
GS-MS,kalman_momentum,kalman_z,full_2013_2025,tc_5bps,0.18430486980453503,0.009606803601253322,0.06245158717708111,0.12575009901869083,-0.15999316200242272,129,0.48363636363636364,0.0845823162785693,0.7046764894298526
GS-MS,kalman_momentum,kalman_z,full_2013_2025,tc_10bps,0.01362011132024904,-0.0011056893154953729,0.06261033941704806,-0.01361234327981864,-0.20574312941140155,129,0.48318181818181816,0.0845823162785693,0.7046764894298526
AAPL-XOM,rolling_ols,threshold_z,book_era_2013_2022,no_cost,-0.4927967652847415,-0.10954425118663114,0.19624025328252684,-0.6860046440212589,-0.7739701929565285,26,0.4605532786885246,0.02841380435110629,0.7758346581875993
AAPL-XOM,rolling_ols,threshold_z,book_era_2013_2022,tc_5bps,-0.5110107170501298,-0.11273017844871547,0.19625165977622525,-0.6970425651618524,-0.7791625314060288,26,0.4605532786885246,0.02841380435110629,0.7758346581875993
AAPL-XOM,rolling_ols,threshold_z,book_era_2013_2022,tc_10bps,-0.5292055666123116,-0.11590584822609695,0.19626936541440002,-0.7076962362985284,-0.7842373385361332,26,0.4605532786885246,0.02841380435110629,0.7758346581875993
AAPL-XOM,rolling_ols,threshold_z,oos_2023_2025,no_cost,0.6235011391861919,0.08737381295832125,0.15307914598447334,0.22234499589823664,-0.26475921749777076,10,0.5137614678899083,0.035058594688480764,0.7218543046357616
AAPL-XOM,rolling_ols,threshold_z,oos_2023_2025,tc_5bps,0.594629621212054,0.08258200161475693,0.1530829204079594,0.20947397159034864,-0.2648220597243432,10,0.5137614678899083,0.035058594688480764,0.7218543046357616
AAPL-XOM,rolling_ols,threshold_z,oos_2023_2025,tc_10bps,0.5657134251427153,0.07780916665393733,0.15309917035046805,0.196732781046139,-0.26488489667774745,10,0.5137614678899083,0.035058594688480764,0.7218543046357616
AAPL-XOM,rolling_ols,threshold_z,full_2013_2025,no_cost,-0.3224172602948718,-0.07573090658614656,0.1888430890807437,-0.6228170941982064,-0.7739701929565285,35,0.47048974466303894,0.029384613981501103,0.7657051282051283
AAPL-XOM,rolling_ols,threshold_z,full_2013_2025,tc_5bps,-0.3420060186996365,-0.07914956136824491,0.1888526202383221,-0.639730958769329,-0.7791625314060288,35,0.47048974466303894,0.029384613981501103,0.7657051282051283
AAPL-XOM,rolling_ols,threshold_z,full_2013_2025,tc_10bps,-0.36157913976086326,-0.08255686054643696,0.18886928647359927,-0.6558923483406085,-0.7842373385361332,35,0.47048974466303894,0.029384613981501103,0.7657051282051283
AAPL-XOM,rolling_ols,proportional,book_era_2013_2022,no_cost,-0.5054237630764613,-0.08831952218975925,0.15808771158921572,-0.6027499414434139,-0.6715528335352491,1,0.4690376569037657,0.06988080218809843,0.9499205087440381
AAPL-XOM,rolling_ols,proportional,book_era_2013_2022,tc_5bps,-0.5610313287395261,-0.09631843775095716,0.1581128586215769,-0.6362086379743066,-0.6907374852269447,1,0.4602510460251046,0.06988080218809843,0.9499205087440381
AAPL-XOM,rolling_ols,proportional,book_era_2013_2022,tc_10bps,-0.6166112957685055,-0.10424781010652706,0.15814054803753905,-0.6668516179896611,-0.7088200611235707,1,0.45439330543933054,0.06988080218809843,0.9499205087440381
AAPL-XOM,rolling_ols,proportional,oos_2023_2025,no_cost,0.38797231906528606,0.03872433543915976,0.11485390210648613,0.09533850173047953,-0.19794132310494814,1,0.5074626865671642,0.07830683722924855,0.9983443708609272
AAPL-XOM,rolling_ols,proportional,oos_2023_2025,tc_5bps,0.3021053531425802,0.028528924936191302,0.11483898879041604,0.0697464174544904,-0.19975120780972755,1,0.4975124378109453,0.07830683722924855,0.9983443708609272
AAPL-XOM,rolling_ols,proportional,oos_2023_2025,tc_10bps,0.21620880008251445,0.01843274082429991,0.11482794300095635,0.04475020335334712,-0.20155709236809927,1,0.494195688225539,0.07830683722924855,0.9983443708609272
AAPL-XOM,rolling_ols,proportional,full_2013_2025,no_cost,-0.37898917289115325,-0.06631313240785186,0.1508834240346367,-0.5723749865871899,-0.6715528335352491,1,0.47695390781563124,0.07121466477266028,0.9596153846153846
AAPL-XOM,rolling_ols,proportional,full_2013_2025,tc_5bps,-0.4384061199791683,-0.07465880117825652,0.15090170694325813,-0.6173643668109123,-0.6933489091459106,1,0.467935871743487,0.07121466477266028,0.9596153846153846
AAPL-XOM,rolling_ols,proportional,full_2013_2025,tc_10bps,-0.49780007113860164,-0.08293052835462689,0.15092259715580555,-0.6576235537603606,-0.7200972773161721,1,0.46259185036740147,0.07121466477266028,0.9596153846153846
AAPL-XOM,kalman_basic,threshold_z,book_era_2013_2022,no_cost,-0.47331019622682846,-0.10028757389976206,0.18640840811145143,-0.6521424429512994,-0.7086452235814427,40,0.4562043795620438,0.035406834739067604,0.7617156473391581
AAPL-XOM,kalman_basic,threshold_z,book_era_2013_2022,tc_5bps,-0.49719565923435,-0.10429781238797509,0.18642612757605626,-0.6673281886969757,-0.720393581476426,40,0.4562043795620438,0.035406834739067604,0.7617156473391581
AAPL-XOM,kalman_basic,threshold_z,book_era_2013_2022,tc_10bps,-0.5210480899818436,-0.10829194780216422,0.18645404223474302,-0.681857315184283,-0.7316731319288334,40,0.4562043795620438,0.035406834739067604,0.7617156473391581
AAPL-XOM,kalman_basic,threshold_z,oos_2023_2025,no_cost,0.3145204970616663,0.03621438533366583,0.14760886436673046,0.08900540354628039,-0.2055241078715109,12,0.5022321428571429,0.04330107763864396,0.7417218543046358
AAPL-XOM,kalman_basic,threshold_z,oos_2023_2025,tc_5bps,0.27767854830332556,0.030586565479517658,0.14754498631312649,0.07488302966253246,-0.20577223752683713,12,0.5022321428571429,0.04330107763864396,0.7417218543046358
AAPL-XOM,kalman_basic,threshold_z,oos_2023_2025,tc_10bps,0.24077939526224812,0.024986855790680496,0.14749659865086526,0.06093770539028931,-0.20602029093703922,12,0.5022321428571429,0.04330107763864396,0.7417218543046358
AAPL-XOM,kalman_basic,threshold_z,full_2013_2025,no_cost,-0.3479107197813743,-0.07564561244631829,0.1795896953664596,-0.622621582629264,-0.7086452235814427,51,0.46514575411913817,0.03661613670182037,0.7581678411274824
AAPL-XOM,kalman_basic,threshold_z,full_2013_2025,tc_5bps,-0.37359183996536044,-0.07990304501741241,0.17959389426416034,-0.6435994156228962,-0.720393581476426,51,0.46514575411913817,0.03661613670182037,0.7581678411274824
AAPL-XOM,kalman_basic,threshold_z,full_2013_2025,tc_10bps,-0.3992475326618401,-0.084142741958522,0.17960899132182734,-0.6634196558779979,-0.7316731319288334,51,0.46514575411913817,0.03661613670182037,0.7581678411274824
AAPL-XOM,kalman_basic,proportional,book_era_2013_2022,no_cost,-0.43374508376581744,-0.06354700656373491,0.1314230401532371,-0.48109706858598744,-0.5601608226038767,1,0.4711958680969408,0.08614567484326506,0.9996028594122319
AAPL-XOM,kalman_basic,proportional,book_era_2013_2022,tc_5bps,-0.516379023743274,-0.07365835400219767,0.13141210132503858,-0.534440049294089,-0.5948766625473609,1,0.46285260230433056,0.08614567484326506,0.9996028594122319
AAPL-XOM,kalman_basic,proportional,book_era_2013_2022,tc_10bps,-0.5990055976440796,-0.08366151057796722,0.13140579642345349,-0.582303888966633,-0.6268556511535084,1,0.4545093365117203,0.08614567484326506,0.9996028594122319
AAPL-XOM,kalman_basic,proportional,oos_2023_2025,no_cost,-0.12945564423580921,-0.019420537943355076,0.10731615868890836,-0.045917913953901435,-0.17828077497099803,1,0.4975124378109453,0.08578187086437436,0.9983443708609272
AAPL-XOM,kalman_basic,proportional,oos_2023_2025,tc_5bps,-0.23017977011695628,-0.029962916730643108,0.10731263731971423,-0.07031900960867421,-0.18869025466062325,1,0.49087893864013266,0.08578187086437436,0.9983443708609272
AAPL-XOM,kalman_basic,proportional,oos_2023_2025,tc_10bps,-0.33089648916636777,-0.04039286530059327,0.10731366176554921,-0.09409810101296301,-0.20033286080796647,1,0.4842454394693201,0.08578187086437436,0.9983443708609272
AAPL-XOM,kalman_basic,proportional,full_2013_2025,no_cost,-0.3846065595606834,-0.05538632875440763,0.1271232676083422,-0.5063406524552206,-0.5601608226038767,1,0.47644985581544375,0.08583401583741054,0.9996796925048046
AAPL-XOM,kalman_basic,proportional,full_2013_2025,tc_5bps,-0.46971848292195234,-0.06554890269530278,0.12711343232450825,-0.568253604365748,-0.6103800955579912,1,0.468439602691445,0.08583401583741054,0.9996796925048046
AAPL-XOM,kalman_basic,proportional,full_2013_2025,tc_10bps,-0.5548238487974183,-0.0756031033445067,0.127108116817332,-0.6224065191968927,-0.656154940194203,1,0.46042934956744636,0.08583401583741054,0.9996796925048046
AAPL-XOM,kalman_basic,kalman_z,book_era_2013_2022,no_cost,-0.8206273197270314,-0.17186939812870505,0.2042133679737389,-0.848071817210209,-0.8497631389593275,29,0.4628167843788949,0.027694144049662105,0.9559173947577443
AAPL-XOM,kalman_basic,kalman_z,book_era_2013_2022,tc_5bps,-0.8378819088033138,-0.17474960973383258,0.20417260375905155,-0.8532698363958571,-0.8549023105263432,29,0.4628167843788949,0.027694144049662105,0.9559173947577443
AAPL-XOM,kalman_basic,kalman_z,book_era_2013_2022,tc_10bps,-0.8551150643266564,-0.17762097579670688,0.20413860121934535,-0.85829202981286,-0.8598676808469512,29,0.4628167843788949,0.027694144049662105,0.9559173947577443
AAPL-XOM,kalman_basic,kalman_z,oos_2023_2025,no_cost,-0.014279511951197704,-0.015752804972792078,0.16486479205062785,-0.03734219274319461,-0.27298065740624594,21,0.46632124352331605,0.07436383744838379,0.9586092715231788
AAPL-XOM,kalman_basic,kalman_z,oos_2023_2025,tc_5bps,-0.07110626023026304,-0.024935597356368633,0.16488045143914468,-0.05872886930286181,-0.2861818433243338,21,0.46632124352331605,0.07436383744838379,0.9586092715231788
AAPL-XOM,kalman_basic,kalman_z,oos_2023_2025,tc_10bps,-0.1279036860463519,-0.0340368597238323,0.1649199992388573,-0.07964987519894051,-0.2992709637403794,21,0.46632124352331605,0.07436383744838379,0.9586092715231788
AAPL-XOM,kalman_basic,kalman_z,full_2013_2025,no_cost,-0.6890654786554493,-0.143995085754276,0.1972530299113043,-0.8543012378224646,-0.8775703395599415,49,0.46367592902577837,0.03640516673678508,0.9567584881486226
AAPL-XOM,kalman_basic,kalman_z,full_2013_2025,tc_5bps,-0.712444643611523,-0.14790950182646934,0.19721855689537665,-0.8623439387269574,-0.883937197947202,49,0.46367592902577837,0.03640516673678508,0.9567584881486226
AAPL-XOM,kalman_basic,kalman_z,full_2013_2025,tc_10bps,-0.7357964600516363,-0.1518076791345484,0.19719360362179242,-0.8699458314943268,-0.8899754587795609,49,0.46367592902577837,0.03640516673678508,0.9567584881486226
AAPL-XOM,kalman_momentum,threshold_z,book_era_2013_2022,no_cost,-0.2652290269164557,-0.049911608046341094,0.15032843241511074,-0.4004621642413515,-0.6168364424026004,86,0.46226415094339623,0.07242504487325907,0.6314535345512311
AAPL-XOM,kalman_momentum,threshold_z,book_era_2013_2022,tc_5bps,-0.3258747065150765,-0.05854831219543122,0.1503553927991027,-0.45274676725842433,-0.6423590450825937,86,0.46226415094339623,0.07242504487325907,0.6314535345512311
AAPL-XOM,kalman_momentum,threshold_z,book_era_2013_2022,tc_10bps,-0.3864311037473199,-0.0671105089757632,0.15040863582607092,-0.5004931472246064,-0.6661923010449621,86,0.46226415094339623,0.07242504487325907,0.6314535345512311
AAPL-XOM,kalman_momentum,threshold_z,oos_2023_2025,no_cost,-1.125822608817643,-0.13285120508031734,0.12015263146066502,-0.28940650432784,-0.3687650503062555,21,0.43142857142857144,0.07384925371575098,0.5794701986754967
AAPL-XOM,kalman_momentum,threshold_z,oos_2023_2025,tc_5bps,-1.2029050035324578,-0.14089136477123432,0.12018867204889327,-0.30509606087763863,-0.37753333890389756,21,0.43142857142857144,0.07384925371575098,0.5794701986754967
AAPL-XOM,kalman_momentum,threshold_z,oos_2023_2025,tc_10bps,-1.2795830278784994,-0.14886071910173848,0.12025836353804112,-0.32044636168414375,-0.3861838404822624,21,0.43142857142857144,0.07384925371575098,0.5794701986754967
AAPL-XOM,kalman_momentum,threshold_z,full_2013_2025,no_cost,-0.40181112217309756,-0.06649053654563586,0.14499042864956768,-0.5736127558791232,-0.7179950162702012,106,0.4569809376609995,0.0723834944555134,0.6217168481742473
AAPL-XOM,kalman_momentum,threshold_z,full_2013_2025,tc_5bps,-0.46462302042868914,-0.0749723509963065,0.14501883070552105,-0.6192021288034489,-0.7428573883359297,106,0.4569809376609995,0.0723834944555134,0.6217168481742473
AAPL-XOM,kalman_momentum,threshold_z,full_2013_2025,tc_10bps,-0.5273112682422768,-0.08338103438285549,0.14507447887057556,-0.6599351639475988,-0.7655379344242378,106,0.4569809376609995,0.0723834944555134,0.6217168481742473
AAPL-XOM,kalman_momentum,proportional,book_era_2013_2022,no_cost,0.019347792224266306,-0.0031079341003595884,0.10070634137741197,-0.030624309777687486,-0.33052536046643194,1,0.4862932061978546,0.13943287547412106,0.9996028594122319
AAPL-XOM,kalman_momentum,proportional,book_era_2013_2022,tc_5bps,-0.15508215699910424,-0.020471555009104803,0.10072143206773479,-0.18671677370436246,-0.402958863076402,1,0.46722288438617404,0.13943287547412106,0.9996028594122319
AAPL-XOM,kalman_momentum,proportional,book_era_2013_2022,tc_10bps,-0.32941965146126007,-0.037535112073704746,0.10074881417554196,-0.31769144934408233,-0.4677008138334792,1,0.4513309495431069,0.13943287547412106,0.9996028594122319
AAPL-XOM,kalman_momentum,proportional,oos_2023_2025,no_cost,-0.511502260261902,-0.04197810683990255,0.07790448243372293,-0.09768086577339108,-0.19883791825294023,1,0.4759535655058043,0.14597615211335532,0.9983443708609272
AAPL-XOM,kalman_momentum,proportional,oos_2023_2025,tc_5bps,-0.7475896470467717,-0.059441730252053904,0.0779054582226203,-0.13660369671603279,-0.21936693825737,1,0.4527363184079602,0.14597615211335532,0.9983443708609272
AAPL-XOM,kalman_momentum,proportional,oos_2023_2025,tc_10bps,-0.983503785171285,-0.07658920496919297,0.07791968911294225,-0.17385223770387825,-0.23937239992409365,1,0.4295190713101161,0.14597615211335532,0.9983443708609272
AAPL-XOM,kalman_momentum,proportional,full_2013_2025,no_cost,-0.06324275768158447,-0.010727896250915303,0.09671081428050227,-0.12508169212437792,-0.420515173885767,1,0.48446010893944247,0.14059968434013767,0.9996796925048046
AAPL-XOM,kalman_momentum,proportional,full_2013_2025,tc_5bps,-0.24639023841927415,-0.028101943430374865,0.09672387580158126,-0.2975192990145251,-0.503756306153311,1,0.46459468119192565,0.14059968434013767,0.9996796925048046
AAPL-XOM,kalman_momentum,proportional,full_2013_2025,tc_10bps,-0.4294332814659252,-0.04517319374100426,0.09674932251319214,-0.4359882673435088,-0.575158238558115,1,0.44729253444408845,0.14059968434013767,0.9996796925048046
AAPL-XOM,kalman_momentum,kalman_z,book_era_2013_2022,no_cost,-0.059271111417938525,-0.022707437498317384,0.16303251264044968,-0.20507692002809053,-0.5449862909645063,135,0.4587737843551797,0.11228746458966331,0.7513899920571883
AAPL-XOM,kalman_momentum,kalman_z,book_era_2013_2022,tc_5bps,-0.14607676570519154,-0.03643479210194023,0.1630056542175339,-0.30985709094618963,-0.5898937272651563,135,0.4587737843551797,0.11228746458966331,0.7513899920571883
AAPL-XOM,kalman_momentum,kalman_z,book_era_2013_2022,tc_10bps,-0.2328589391070487,-0.04997572921584714,0.163015254830321,-0.40086634666793,-0.6303872753493013,135,0.4587737843551797,0.11228746458966331,0.7513899920571883
AAPL-XOM,kalman_momentum,kalman_z,oos_2023_2025,no_cost,-0.42614696090640924,-0.07160946229767196,0.14849384708825633,-0.163133592658805,-0.3130091715791473,58,0.4226415094339623,0.19654767513884697,0.8774834437086093
AAPL-XOM,kalman_momentum,kalman_z,oos_2023_2025,tc_5bps,-0.5925814157756668,-0.09433817263084732,0.14857909204291922,-0.21140291550477108,-0.3202435039161816,58,0.4226415094339623,0.19654767513884697,0.8774834437086093
AAPL-XOM,kalman_momentum,kalman_z,oos_2023_2025,tc_10bps,-0.7584964594306922,-0.11652107041301463,0.14872873087584787,-0.2569095551599646,-0.3299009738901713,58,0.4226415094339623,0.19654767513884697,0.8774834437086093
AAPL-XOM,kalman_momentum,kalman_z,full_2013_2025,no_cost,-0.12455114527253766,-0.03229928119773384,0.1603119411377175,-0.33419412687751204,-0.642760647726524,192,0.45109368551382584,0.1282718414719951,0.7761050608584241
AAPL-XOM,kalman_momentum,kalman_z,full_2013_2025,tc_5bps,-0.22537478501429667,-0.04781595418917961,0.1603075867282398,-0.4550262299860752,-0.6901549124466204,192,0.45109368551382584,0.1282718414719951,0.7761050608584241
AAPL-XOM,kalman_momentum,kalman_z,full_2013_2025,tc_10bps,-0.3261188926760864,-0.06309107698589222,0.16034501862621944,-0.5539722029639536,-0.7322769001942028,192,0.45109368551382584,0.1282718414719951,0.7761050608584241
